caldt,b30ret,b30ind,b10ret,b10ind,b2ret,b2ind,b1ret,b1ind,t90ret,t90ind,t30ret,t30ind,cpiret,cpiind
1970-01-30,0.005413,72.088900,0.028827,72.790320,0.009342,79.691640,0.006463,81.593220,0.007158,85.411160,0.005781,87.236350,0.002653,88.9
1970-02-27,0.076670,77.615930,0.067886,77.731760,0.025314,81.708960,0.016646,82.951410,0.007986,86.093240,0.006167,87.774340,0.005291,89.4
1970-03-31,-0.009795,76.855690,-0.000269,77.710860,0.008288,82.386140,0.008367,83.645450,0.007078,86.702600,0.005542,88.260760,0.005263,89.9
1970-04-30,-0.042397,73.597280,-0.050871,73.757640,-0.007192,81.793620,-0.002925,83.400810,0.005494,87.178960,0.005286,88.727300,0.007853,90.6
1970-05-29,-0.040712,70.600980,-0.006522,73.276570,0.002936,82.033790,0.007536,84.029300,0.006237,87.722700,0.005546,89.219370,0.002597,90.8
1970-06-30,0.062987,75.047900,0.021395,74.844320,0.012961,83.097020,0.008878,84.775330,0.007455,88.376660,0.005546,89.714200,0.005181,91.3
1970-07-31,0.031779,77.432850,0.029294,77.036810,0.012224,84.112800,0.009488,85.579650,0.005793,88.888620,0.004886,90.152570,0.005155,91.8
1970-08-31,-0.019441,75.927490,-0.009523,76.303190,0.009432,84.906130,0.006963,86.175550,0.005442,89.372370,0.005020,90.605100,0.000000,91.8
1970-09-30,0.030337,78.230900,0.021787,77.965610,0.014686,86.153090,0.006826,86.763810,0.006230,89.929170,0.005034,91.061170,0.005128,92.2
1970-10-30,-0.002201,78.058720,0.002139,78.132370,0.005353,86.614240,0.007873,87.446880,0.005448,90.419080,0.004954,91.512300,0.005102,92.7
1970-11-30,0.059584,82.709730,0.073034,83.838710,0.028117,89.049600,0.017299,88.959620,0.006665,91.021720,0.004489,91.923120,0.005076,93.2
1970-12-31,-0.026464,80.520940,0.003009,84.090970,0.004518,89.451900,0.005123,89.415360,0.004602,91.440600,0.003786,92.271140,0.005051,93.6
1971-01-29,0.062537,85.556470,0.044649,87.845570,0.020035,91.244080,0.013628,90.633930,0.005191,91.915290,0.003777,92.619670,0.000000,93.6
1971-02-26,-0.017507,84.058650,-0.000506,87.801090,0.011340,92.278810,0.009482,91.493320,0.004635,92.341310,0.003344,92.929440,0.002513,93.9
1971-03-31,0.040610,87.472240,0.059129,92.992670,0.007614,92.981420,0.003427,91.806850,0.003004,92.618720,0.002924,93.201110,0.002506,94.1
1971-04-30,-0.003611,87.156390,-0.037425,89.512450,-0.016031,91.490810,-0.004767,91.369200,0.002311,92.832750,0.002804,93.462440,0.002500,94.4
1971-05-28,0.003574,87.467870,-0.021313,87.604680,0.001165,91.597390,0.001363,91.493760,0.002422,93.057590,0.003127,93.754700,0.004988,94.8
1971-06-30,-0.001678,87.321130,-0.012386,86.519600,-0.008898,90.782390,-0.005324,91.006630,0.003011,93.337790,0.003505,94.083260,0.007444,95.5
1971-07-30,0.005578,87.808200,0.008733,87.275150,0.011327,91.810660,0.007004,91.644050,0.004340,93.742870,0.004272,94.485210,0.002463,95.8
1971-08-31,0.048894,92.101490,0.046098,91.298360,0.015341,93.219130,0.012819,92.818830,0.006234,94.327260,0.004446,94.905290,0.002457,96.0
1971-09-30,0.020593,93.998110,0.027940,93.849270,0.007192,93.889550,0.004150,93.204040,0.003585,94.665420,0.003630,95.249810,0.000000,96.0
1971-10-29,0.020847,95.957720,0.014894,95.247030,0.012539,95.066840,0.011655,94.290340,0.004444,95.086110,0.003855,95.617010,0.002451,96.2
1971-11-30,-0.002401,95.727330,0.010080,96.207160,0.003374,95.387590,0.003862,94.654470,0.003974,95.463990,0.003506,95.952220,0.000000,96.2
1971-12-31,-0.002559,95.482360,0.000245,96.230690,0.010000,96.341480,0.008953,95.501900,0.005181,95.958600,0.003152,96.254600,0.004890,96.7
1972-01-31,-0.008920,94.630620,-0.009879,95.280050,0.005295,96.851590,0.005835,96.059190,0.004022,96.344530,0.002850,96.528920,0.000000,96.7
1972-02-29,0.014795,96.030710,0.002768,95.543770,0.005054,97.341090,0.003411,96.386830,0.002784,96.612770,0.002659,96.785620,0.004866,97.2
1972-03-30,-0.007411,95.319030,0.000559,95.597180,-0.009913,96.376160,-0.001644,96.228370,0.002357,96.840460,0.002590,97.036280,0.002421,97.4
1972-04-28,0.008323,96.112350,0.009324,96.488540,0.011933,97.526200,0.009088,97.102890,0.003784,97.206910,0.002962,97.323750,0.002415,97.6
1972-05-31,0.020554,98.087850,0.006258,97.092360,0.008133,98.319370,0.005084,97.596560,0.003224,97.520310,0.002942,97.610060,0.002410,97.9
1972-06-30,-0.007456,97.356510,-0.001270,96.969050,-0.004006,97.925540,-0.001078,97.491370,0.003085,97.821160,0.002800,97.883330,0.002404,98.1
1972-07-31,0.022068,99.504980,0.003760,97.333670,0.008655,98.773050,0.007680,98.240110,0.004233,98.235230,0.003084,98.185160,0.004796,98.6
1972-08-31,0.006791,100.180700,-0.004457,96.899860,-0.002349,98.541030,-0.001744,98.068740,0.002413,98.472300,0.002988,98.478590,0.002387,98.8
1972-09-29,-0.003549,99.825160,0.000651,96.962940,0.001306,98.669750,0.003009,98.363860,0.003705,98.837110,0.003546,98.827770,0.002381,99.1
1972-10-31,0.013099,101.132800,0.018053,98.713390,0.005826,99.244590,0.006602,99.013230,0.004105,99.242850,0.003891,99.212250,0.004751,99.5
1972-11-30,0.014258,102.574700,0.014573,100.152000,0.006439,99.883620,0.005917,99.599090,0.003956,99.635470,0.003739,99.583230,0.002364,99.8
1972-12-29,-0.025101,100.000000,-0.001517,100.000000,0.001165,100.000000,0.004025,100.000000,0.003659,100.000000,0.004185,100.000000,0.002358,100.0
1973-01-31,-0.043471,95.652930,-0.004846,99.515400,-0.001574,99.842610,0.000071,100.007100,0.003985,100.398500,0.004410,100.441000,0.002353,100.2
1973-02-28,0.000838,95.733060,-0.004451,99.072470,-0.001406,99.702220,0.002978,100.304900,0.004423,100.842600,0.004277,100.870600,0.007042,100.9
1973-03-30,0.006869,96.390650,0.006724,99.738630,-0.000449,99.657450,0.000478,100.352900,0.004189,101.265000,0.004750,101.349700,0.009324,101.9
1973-04-30,0.003262,96.705100,0.008776,100.613900,0.007592,100.414000,0.008762,101.232200,0.006015,101.874100,0.005002,101.856700,0.006928,102.6
1973-05-31,-0.008574,95.875930,-0.010302,99.577410,0.005026,100.918700,0.002317,101.466700,0.004839,102.367100,0.005098,102.375900,0.006881,103.3
1973-06-29,-0.002116,95.673030,0.004589,100.034400,0.002569,101.178000,0.000399,101.507200,0.004790,102.857400,0.005379,102.926600,0.006834,104.0
1973-07-31,-0.041822,91.671820,-0.030567,96.976610,-0.011720,99.992170,-0.003157,101.186700,0.005599,103.433300,0.006540,103.599800,0.002262,104.2
1973-08-31,0.032932,94.690740,0.026063,99.504130,0.012044,101.196500,0.009507,102.148700,0.006987,104.156000,0.006855,104.310000,0.018059,106.1
1973-09-28,0.039914,98.470260,0.032945,102.782300,0.022061,103.429000,0.016156,103.799000,0.009449,105.140200,0.006749,105.013900,0.002217,106.4
1973-10-31,-0.015498,96.944130,0.011631,103.977700,0.007020,104.155100,0.009810,104.817300,0.006667,105.841100,0.006856,105.733900,0.008850,107.3
1973-11-30,0.014764,98.375450,0.005902,104.591400,0.005861,104.765500,0.004356,105.273900,0.006129,106.489800,0.005529,106.318500,0.006579,108.0
1973-12-31,-0.006956,97.691110,-0.004666,104.103400,0.006253,105.420600,0.005515,105.854500,0.006234,107.153700,0.006961,107.058700,0.006536,108.7
1974-01-31,-0.006654,97.041110,-0.003422,103.747200,0.008299,106.295500,0.007693,106.668800,0.006516,107.851900,0.006274,107.730300,0.008658,109.6
1974-02-28,-0.002791,96.770250,0.013221,105.118800,0.006541,106.990800,0.004431,107.141400,0.006084,108.508100,0.005819,108.357200,0.012876,111.1
1974-03-29,-0.031641,93.708350,-0.016721,103.361100,-0.015072,105.378200,-0.005337,106.569600,0.004529,108.999500,0.005677,108.972300,0.012712,112.5
1974-04-30,-0.020727,91.766030,-0.021058,101.184500,-0.002382,105.127200,0.001555,106.735400,0.006768,109.737200,0.007949,109.838500,0.004184,112.9
1974-05-31,0.017362,93.359320,0.013945,102.595500,0.010244,106.204100,0.010088,107.812100,0.009677,110.799200,0.007235,110.633200,0.012500,114.4
1974-06-28,0.006226,93.940550,-0.004053,102.179800,0.001966,106.412900,0.003699,108.210900,0.007102,111.586100,0.006892,111.395700,0.008230,115.3
1974-07-31,-0.008255,93.165070,-0.013122,100.838900,0.004289,106.869300,0.006664,108.932000,0.006365,112.296300,0.006756,112.148300,0.008163,116.2
1974-08-30,-0.031905,90.192650,-0.009864,99.844280,0.002378,107.123500,0.000455,108.981600,0.004043,112.750300,0.005940,112.814500,0.012146,117.6
1974-09-30,0.026444,92.577700,0.030076,102.847200,0.019510,109.213400,0.022223,111.403500,0.012255,114.132100,0.007997,113.716600,0.012000,119.1
1974-10-31,0.041539,96.423280,0.034682,106.414100,0.011981,110.521900,0.011351,112.668000,0.003621,114.545400,0.005254,114.314200,0.009881,120.2
1974-11-29,0.012120,97.591920,0.023214,108.884400,0.014979,112.177400,0.007243,113.484100,0.007061,115.354200,0.005139,114.901600,0.007828,121.2
1974-12-31,0.003009,97.885560,0.012866,110.285300,0.007848,113.057800,0.010211,114.642900,0.007977,116.274300,0.007009,115.707000,0.007767,122.1
1975-01-31,0.029055,100.729600,0.008689,111.243600,0.013315,114.563200,0.015997,116.476800,0.008700,117.285900,0.005387,116.330400,0.003854,122.6
1975-02-28,0.009008,101.637000,0.010027,112.359100,0.013748,116.138200,0.007390,117.337600,0.005288,117.906100,0.004326,116.833600,0.007678,123.5
1975-03-31,-0.032780,98.305370,-0.003413,111.975500,-0.002440,115.854800,0.002314,117.609100,0.004645,118.453800,0.004014,117.302600,0.003810,124.0
1975-04-30,-0.017076,96.626670,-0.009180,110.947600,-0.009031,114.808500,0.000681,117.689200,0.005033,119.050000,0.004489,117.829200,0.003795,124.5
1975-05-30,0.030380,99.562190,0.006045,111.618300,0.019517,117.049200,0.012461,119.155700,0.005365,119.688700,0.004869,118.402800,0.005671,125.2
1975-06-30,0.023355,101.887500,0.001547,111.791000,-0.000220,117.023500,-0.001183,119.014700,0.003572,120.116200,0.004133,118.892200,0.007519,126.1
1975-07-31,-0.009149,100.955300,-0.001880,111.580800,-0.002034,116.785400,0.002888,119.358400,0.005062,120.724200,0.004811,119.464200,0.011194,127.5
1975-08-29,-0.005335,100.416700,-0.006365,110.870600,0.006845,117.584800,0.004900,119.943300,0.005117,121.342000,0.004815,120.039400,0.001845,127.8
1975-09-30,-0.011554,99.256490,-0.027260,107.848200,0.001613,117.774500,0.004524,120.485900,0.005635,122.025800,0.005575,120.708600,0.005525,128.5
1975-10-31,0.053720,104.588600,0.017218,109.705200,0.025318,120.756300,0.020320,122.934200,0.007732,122.969200,0.005185,121.334500,0.005495,129.2
1975-11-28,-0.013719,103.153700,0.011510,110.967900,0.001479,120.934900,0.003420,123.354600,0.004563,123.530400,0.004127,121.835200,0.007286,130.1
1975-12-31,0.041100,107.393300,0.032763,114.603500,0.015283,122.783200,0.011102,124.724100,0.005876,124.256200,0.004983,122.442400,0.003617,130.6
1976-01-30,0.012080,108.690600,0.035314,118.650700,0.009635,123.966200,0.011287,126.131900,0.005474,124.936400,0.004402,122.981400,0.001802,130.8
1976-02-27,0.002494,108.961700,-0.000308,118.614100,-0.000683,123.881500,-0.000070,126.123100,0.003490,125.372400,0.003452,123.405900,0.003597,131.3
1976-03-31,0.022140,111.374100,0.003931,119.080400,0.006807,124.724800,0.006907,126.994200,0.004927,125.990100,0.004344,123.942000,0.001792,131.5
1976-04-30,-0.000657,111.300900,-0.002610,118.769600,0.007210,125.624100,0.005525,127.695800,0.004596,126.569200,0.004440,124.492300,0.003578,132.0
1976-05-28,-0.012839,109.871900,-0.000333,118.730000,-0.006015,124.868400,-0.001050,127.561800,0.002996,126.948400,0.004124,125.005700,0.007130,132.9
1976-06-30,0.019681,112.034300,0.014614,120.465100,0.013771,126.588000,0.009116,128.724600,0.005453,127.640600,0.004446,125.561500,0.005310,133.6
1976-07-30,0.006524,112.765300,0.006041,121.192900,0.009687,127.814200,0.008933,129.874500,0.005114,128.293400,0.004390,126.112700,0.005282,134.4
1976-08-31,0.021369,115.175000,0.009166,122.303700,0.010872,129.203800,0.007982,130.911200,0.004891,128.920900,0.004745,126.711000,0.005254,135.1
1976-09-30,0.016371,117.060500,0.021487,124.931700,0.010165,130.517200,0.006478,131.759200,0.004405,129.488800,0.003924,127.208200,0.003484,135.5
1976-10-29,0.008937,118.106700,0.018230,127.209200,0.009567,131.765900,0.007724,132.776900,0.004749,130.103700,0.004092,127.728700,0.005208,136.2
1976-11-30,0.033681,122.084600,0.024274,130.297000,0.016689,133.964900,0.010535,134.175700,0.005191,130.779100,0.004440,128.295800,0.001727,136.5
1976-12-31,0.035406,126.407100,0.037990,135.247000,0.006886,134.887400,0.005797,134.953500,0.004050,131.308800,0.003579,128.755000,0.003448,136.9
1977-01-31,-0.038876,121.492900,-0.026079,131.719900,-0.009197,133.646800,-0.002645,134.596600,0.003413,131.756900,0.003594,129.217800,0.005155,137.6
1977-02-28,-0.004521,120.943700,0.004235,132.277800,0.006313,134.490500,0.006148,135.424100,0.004000,132.283900,0.003499,129.669900,0.010256,139.1
1977-03-31,0.011396,122.321900,0.000251,132.311000,0.006848,135.411500,0.007035,136.376800,0.004457,132.873500,0.003769,130.158600,0.006768,140.0
1977-04-29,0.005508,122.995700,-0.004580,131.705000,0.004749,136.054600,0.004417,136.979200,0.003910,133.393000,0.004114,130.694100,0.008403,141.2
1977-05-31,0.012977,124.591800,-0.002193,131.416100,0.002947,136.455500,0.003003,137.390500,0.003793,133.899000,0.003855,131.197900,0.005000,141.9
1977-06-30,0.019484,127.019300,0.013981,133.253500,0.007512,137.480600,0.007888,138.474300,0.004407,134.489100,0.003716,131.685400,0.006633,142.8
1977-07-29,-0.009508,125.811600,-0.004943,132.594800,-0.001915,137.217300,-0.000113,138.458600,0.003531,134.964000,0.003873,132.195400,0.004942,143.5
1977-08-31,0.021385,128.502100,0.011749,134.152600,0.005386,137.956400,0.004549,139.088500,0.005079,135.649500,0.004993,132.855400,0.003279,144.0
1977-09-30,-0.003755,128.019600,0.001862,134.402500,-0.000205,137.928100,0.002863,139.486700,0.004237,136.224200,0.004330,133.430700,0.003268,144.5
1977-10-31,-0.007921,127.005600,-0.003637,133.913600,0.000264,137.964500,0.002716,139.865500,0.005255,136.940100,0.004943,134.090300,0.003257,144.9
1977-11-30,0.008751,128.117000,0.007351,134.898000,0.007713,139.028600,0.006816,140.818800,0.005508,137.694300,0.004959,134.755200,0.004870,145.6
1977-12-30,-0.017968,125.815000,-0.009835,133.571300,0.004081,139.596000,0.003938,141.373400,0.005252,138.417500,0.004700,135.388500,0.003231,146.1
1978-01-31,-0.009673,124.597900,-0.003260,133.135900,0.002192,139.902000,0.004119,141.955700,0.005499,139.178700,0.005374,136.116100,0.006441,147.1
1978-02-28,0.001746,124.815500,-0.000040,133.130600,0.003996,140.461000,0.005423,142.725500,0.005236,139.907400,0.004941,136.788700,0.006400,148.0
1978-03-31,-0.002037,124.561200,-0.000347,133.084300,0.002861,140.862900,0.005666,143.534200,0.005656,140.698700,0.005017,137.474900,0.007949,149.2
1978-04-28,0.000156,124.580700,0.000901,133.204300,0.004022,141.429400,0.004503,144.180500,0.005930,141.533100,0.005712,138.260200,0.007886,150.4
1978-05-31,-0.006425,123.780200,-0.005934,132.413800,0.001815,141.686200,0.003019,144.615800,0.005367,142.292700,0.005317,138.995400,0.009390,151.8
1978-06-30,-0.005821,123.059800,-0.006447,131.560200,0.000373,141.739000,0.002591,144.990500,0.005480,143.072500,0.005369,139.741600,0.010853,153.4
1978-07-31,0.013828,124.761400,0.011799,133.112400,0.007377,142.784600,0.007500,146.077900,0.006886,144.057600,0.005591,140.522900,0.007669,154.6
1978-08-31,0.025549,127.949000,0.017925,135.498400,0.007261,143.821400,0.006144,146.975500,0.004857,144.757300,0.005550,141.302900,0.004566,155.3
1978-09-29,-0.010008,126.668400,-0.003752,134.990100,0.001383,144.020300,0.001670,147.220900,0.005368,145.534400,0.005964,142.145600,0.007576,156.5
1978-10-31,-0.018928,124.270800,-0.017924,132.570500,-0.007251,142.976000,-0.001486,147.002100,0.006397,146.465400,0.007498,143.211400,0.009023,157.9
1978-11-30,0.017404,126.433600,0.014056,134.433900,0.004646,143.640300,0.005821,147.857800,0.007183,147.517400,0.007041,144.219700,0.004471,158.6
1978-12-29,-0.009876,125.185000,-0.012092,132.808400,0.000266,143.678500,0.004008,148.450400,0.007384,148.606700,0.007372,145.282900,0.004451,159.3
1979-01-31,0.019755,127.658000,0.022064,135.738600,0.016031,145.981800,0.013594,150.468500,0.008508,149.871100,0.007882,146.428000,0.008863,160.7
1979-02-28,-0.016217,125.587800,-0.007248,134.754800,0.002546,146.353400,0.005848,151.348400,0.007148,150.942300,0.007324,147.500400,0.011713,162.6
1979-03-30,0.013607,127.296700,0.011324,136.280800,0.010632,147.909500,0.011134,153.033600,0.008035,152.155100,0.008928,148.817400,0.010130,164.2
1979-04-30,-0.012435,125.713800,-0.006811,135.352500,0.006192,148.825300,0.006254,153.990600,0.008240,153.408900,0.008489,150.080700,0.011461,166.1
1979-05-31,0.024470,128.789900,0.026087,138.883500,0.013969,150.904300,0.011964,155.833000,0.008209,154.668200,0.008161,151.305500,0.012748,168.2
1979-06-29,0.032824,133.017400,0.023457,142.141300,0.017013,153.471600,0.013530,157.941400,0.009039,156.066300,0.007858,152.494400,0.011189,170.1
1979-07-31,-0.007977,131.956300,-0.005183,141.404600,0.001129,153.644900,0.002443,158.327200,0.007938,157.305100,0.008410,153.776800,0.011065,172.0
1979-08-31,-0.003446,131.501500,-0.006660,140.462800,-0.000685,153.539600,0.002011,158.645600,0.006844,158.381700,0.007506,154.931100,0.009576,173.6
1979-09-28,-0.008122,130.433500,-0.005007,139.759500,0.001453,153.762700,0.003104,159.138100,0.007135,159.511800,0.007732,156.129000,0.010840,175.5
1979-10-31,-0.077292,120.352000,-0.066717,130.435200,-0.024348,150.018900,-0.008462,157.791400,0.007266,160.670800,0.009621,157.631100,0.008043,176.9
1979-11-30,0.025160,123.380100,0.048044,136.701800,0.024165,153.644100,0.022202,161.294700,0.012244,162.638100,0.009878,159.188200,0.009309,178.6
1979-12-31,0.005833,124.099800,0.011951,138.335500,0.005695,154.519100,0.004434,162.009900,0.010604,164.362700,0.010209,160.813300,0.010540,180.5
1980-01-31,-0.075430,114.738900,-0.037477,133.151100,-0.000164,154.493800,0.004360,162.716300,0.009957,165.999200,0.007968,162.094700,0.014342,183.1
1980-02-29,-0.071114,106.579400,-0.050507,126.426100,-0.036947,148.785700,-0.017205,159.916700,0.006808,167.129300,0.010654,163.821600,0.014139,185.6
1980-03-31,0.005830,107.200800,0.048345,132.538100,0.010329,150.322500,0.006983,161.033400,0.011029,168.972600,0.012009,165.789000,0.015209,188.5
1980-04-30,0.133137,121.473100,0.084375,143.721000,0.084198,162.979300,0.056059,170.060800,0.021308,172.573100,0.012865,167.921800,0.011236,190.6
1980-05-30,0.043988,126.816500,0.038482,149.251700,0.031828,168.166600,0.027164,174.680300,0.014007,174.990300,0.007883,169.245500,0.009877,192.5
1980-06-30,0.045733,132.616200,0.029314,153.626900,0.009644,169.788500,0.011976,176.772300,0.006645,176.153100,0.006312,170.313800,0.011002,194.6
1980-07-31,-0.052077,125.709900,-0.042687,147.069000,-0.002259,169.404900,0.002552,177.223400,0.005972,177.205100,0.005281,171.213200,0.000000,194.6
1980-08-29,-0.034054,121.429000,-0.027640,143.004000,-0.024598,165.237900,-0.011296,175.221500,0.005154,178.118400,0.005973,172.235800,0.007255,196.0
1980-09-30,-0.029666,117.826700,-0.007206,141.973500,-0.000819,165.102500,0.004651,176.036400,0.007313,179.421000,0.008698,173.733900,0.008403,197.6
1980-10-31,-0.030875,114.188800,-0.023339,138.660000,-0.004518,164.356600,0.000010,176.038200,0.008594,180.962900,0.008912,175.282200,0.009524,199.5
1980-11-28,0.015219,115.926600,0.009480,139.974500,-0.004178,163.669900,-0.001299,175.809500,0.007393,182.300800,0.008895,176.841400,0.008255,201.2
1980-12-31,0.038261,120.362100,0.027544,143.830000,0.023869,167.576600,0.022957,179.845600,0.015145,185.061800,0.014149,179.343400,0.009357,203.1
1981-01-30,-0.013092,118.786300,-0.004032,143.250100,0.006242,168.622600,0.006077,180.938500,0.011671,187.221600,0.009957,181.129200,0.008111,204.7
1981-02-27,-0.039635,114.078200,-0.028980,139.098600,-0.003742,167.991600,0.006590,182.130900,0.012155,189.497300,0.010685,183.064500,0.010345,206.8
1981-03-31,0.031774,117.702900,0.027672,142.947800,0.021761,171.647300,0.021684,186.080200,0.015867,192.504000,0.013157,185.473100,0.006826,208.2
1981-04-30,-0.052870,111.480000,-0.038250,137.480100,-0.015038,169.066000,-0.007223,184.736200,0.006806,193.814200,0.010756,187.468100,0.006780,209.6
1981-05-29,0.049837,117.035800,0.045241,143.699800,0.010423,170.828200,0.010433,186.663500,0.010972,195.940700,0.010646,189.463900,0.007856,211.3
1981-06-30,-0.004761,116.478600,-0.006976,142.697300,0.011659,172.819900,0.015184,189.497800,0.015317,198.942000,0.015158,192.335800,0.008909,213.2
1981-07-31,-0.034095,112.507200,-0.028486,138.632500,-0.007927,171.449900,-0.000216,189.456900,0.011801,201.289700,0.011915,194.627500,0.011038,215.5
1981-08-31,-0.040682,107.930200,-0.022596,135.499900,-0.001485,171.195300,0.008122,190.995700,0.012539,203.813700,0.012804,197.119500,0.007642,217.2
1981-09-30,-0.017465,106.045200,-0.008044,134.409900,0.016037,173.940800,0.016832,194.210500,0.016315,207.138900,0.012794,199.641500,0.009751,219.3
1981-10-30,0.079122,114.435700,0.074287,144.394800,0.044499,181.681000,0.029558,199.951000,0.015794,210.410400,0.011685,201.974300,0.002146,219.8
1981-11-30,0.113675,127.444200,0.084518,156.598800,0.061198,192.799500,0.039117,207.772400,0.015883,213.752400,0.011030,204.202100,0.003212,220.5
1981-12-31,-0.047237,121.424100,-0.032776,151.466200,-0.020742,188.800500,-0.001493,207.462300,0.008287,215.523800,0.008738,205.986500,0.003202,221.2
1982-01-29,-0.001025,121.299700,0.002885,151.903100,0.004540,189.657600,0.007204,208.956800,0.007271,217.090800,0.007306,207.491400,0.003191,221.9
1982-02-26,0.018873,123.589000,0.019096,154.803800,0.013189,192.159000,0.011353,211.329100,0.010972,219.472700,0.009176,209.395400,0.003181,222.6
1982-03-31,0.024665,126.637300,0.005630,155.675400,0.011891,194.444000,0.012556,213.982500,0.010538,221.785600,0.011077,211.714800,-0.001057,222.4
1982-04-30,0.032416,130.742400,0.026933,159.868200,0.016670,197.685400,0.016626,217.540200,0.013211,224.715500,0.011290,214.105100,0.004233,223.3
1982-05-28,0.006632,131.609500,0.020608,163.162800,0.019780,201.595600,0.017477,221.342200,0.011445,227.287400,0.009592,216.158800,0.009484,225.4
1982-06-30,-0.021771,128.744200,-0.024989,159.085500,-0.006901,200.204400,0.000484,221.449300,0.010179,229.601000,0.010710,218.473900,0.012526,228.2
1982-07-30,0.045258,134.570900,0.041457,165.680700,0.035733,207.358300,0.026425,227.301100,0.016875,233.475500,0.010210,220.704500,0.005155,229.4
1982-08-31,0.082304,145.646600,0.076073,178.284500,0.029799,213.537300,0.025120,233.010900,0.013869,236.713600,0.008342,222.545700,0.002051,229.9
1982-09-30,0.059265,154.278400,0.039536,185.333200,0.019479,217.696800,0.018572,237.338400,0.009284,238.911200,0.005118,223.684600,0.002047,230.4
1982-10-29,0.079355,166.521100,0.099993,203.865200,0.031294,224.509400,0.016578,241.273000,0.006189,240.389800,0.005475,224.909300,0.003064,231.1
1982-11-30,-0.011947,164.531700,-0.010138,201.798500,0.010845,226.944200,0.010152,243.722400,0.007103,242.097300,0.007201,226.528900,-0.002037,230.6
1982-12-31,0.031309,169.683000,0.036299,209.123500,0.017063,230.816600,0.012635,246.801800,0.007734,243.969700,0.006289,227.953600,-0.004082,229.6
1983-01-31,-0.028511,164.845200,-0.020403,204.856800,0.006373,232.287600,0.007358,248.617800,0.006931,245.660700,0.006864,229.518300,0.002049,230.1
1983-02-28,0.051293,173.300600,0.042297,213.521600,0.012675,235.231800,0.010684,251.274000,0.006816,247.335100,0.006186,230.938000,0.001022,230.4
1983-03-31,-0.009310,171.687200,-0.011169,211.136800,0.000402,235.326400,0.002196,251.825800,0.005883,248.790200,0.006326,232.398900,0.000000,230.4
1983-04-29,0.034507,177.611600,0.030024,217.475900,0.016457,239.199200,0.012345,254.934600,0.008225,250.836500,0.006918,234.006700,0.007150,232.0
1983-05-31,-0.038327,170.804300,-0.029760,211.003900,-0.000181,239.155900,0.002453,255.560000,0.006687,252.513800,0.007584,235.781500,0.006085,233.4
1983-06-30,0.003204,171.351500,0.000782,211.168900,0.002796,239.824500,0.005106,256.864800,0.007472,254.400600,0.006661,237.351900,0.003024,234.1
1983-07-29,-0.047866,163.149600,-0.044003,201.876800,-0.004072,238.848000,0.002198,257.429500,0.007076,256.200700,0.006917,238.993700,0.004020,235.1
1983-08-31,0.002665,163.584400,0.012783,204.457400,0.007687,240.684000,0.008964,259.737000,0.008917,258.485200,0.008342,240.987500,0.003003,235.8
1983-09-30,0.050744,171.885300,0.042486,213.144000,0.019716,245.429300,0.014604,263.530200,0.008945,260.797400,0.007607,242.820700,0.004990,236.9
1983-10-31,-0.013853,169.504200,-0.010992,210.801100,0.007806,247.345200,0.009713,266.089900,0.008135,262.919000,0.007433,244.625500,0.002979,237.6
1983-11-30,0.018419,172.626300,0.016129,214.201100,0.008079,249.343500,0.006869,267.917700,0.006745,264.692400,0.007199,246.386500,0.001980,238.1
1983-12-30,-0.004500,171.849500,-0.000312,214.134300,0.004963,250.580900,0.007258,269.862200,0.007722,266.736300,0.007039,248.120900,0.000988,238.4
1984-01-31,0.024019,175.977200,0.017865,217.959800,0.014382,254.184800,0.012070,273.119500,0.008434,268.986000,0.008083,250.126400,0.005923,239.8
1984-02-29,-0.017601,172.879800,-0.013392,215.040900,0.002026,254.699800,0.004677,274.396800,0.007067,270.886900,0.007328,251.959500,0.004907,240.9
1984-03-30,-0.015465,170.206200,-0.021080,210.507800,-0.000359,254.608300,0.002325,275.034800,0.007243,272.849000,0.007280,253.793700,0.001953,241.4
1984-04-30,-0.007647,168.904600,-0.005156,209.422400,0.005580,256.029100,0.008503,277.373400,0.009275,275.379600,0.008130,255.857100,0.004873,242.6
1984-05-31,-0.053997,159.784200,-0.050560,198.834000,-0.007050,254.224000,-0.000679,277.185100,0.008516,277.724700,0.007898,257.877800,0.002910,243.3
1984-06-29,0.013634,161.962700,0.014941,201.804800,0.007103,256.029800,0.010672,280.143200,0.008486,280.081500,0.007534,259.820700,0.002901,244.0
1984-07-31,0.068646,173.080800,0.064574,214.836200,0.021652,261.573400,0.015196,284.400300,0.009313,282.689900,0.008755,262.095500,0.003857,244.9
1984-08-31,0.029078,178.113700,0.014129,217.871600,0.012058,264.727400,0.009296,287.044100,0.008804,285.178700,0.007963,264.182500,0.003842,245.9
1984-09-28,0.033218,184.030300,0.027822,223.933200,0.017017,269.232300,0.014104,291.092500,0.009167,287.793000,0.008293,266.373400,0.004785,247.1
1984-10-31,0.058907,194.871000,0.053938,236.011700,0.027395,276.607900,0.019387,296.735900,0.011935,291.227800,0.009766,268.974700,0.002857,247.8
1984-11-30,0.009990,196.817700,0.018128,240.290100,0.019182,281.913800,0.016028,301.492000,0.009060,293.866300,0.007334,270.947400,0.000000,247.8
1984-12-31,0.011144,199.011100,0.008761,242.395300,0.016004,286.425500,0.011920,305.085800,0.008571,296.385000,0.006923,272.823200,0.000000,247.8
1985-01-31,0.039640,206.899800,0.033176,250.437000,0.012081,289.885800,0.010537,308.300500,0.006910,298.433000,0.006474,274.589500,0.001899,248.2
1985-02-28,-0.050693,196.411500,-0.034553,241.783700,-0.004428,288.602200,-0.000024,308.293100,0.005883,300.188700,0.006033,276.246100,0.004739,249.4
1985-03-29,0.030480,202.398100,0.024852,247.792500,0.012113,292.098000,0.009301,311.160500,0.007605,302.471700,0.006160,277.947800,0.003774,250.4
1985-04-30,0.019059,206.255600,0.023987,253.736300,0.018092,297.382700,0.014406,315.643100,0.008704,305.104400,0.007565,280.050500,0.004699,251.5
1985-05-31,0.093738,225.589600,0.067834,270.948200,0.026418,305.239000,0.016508,320.853700,0.008218,307.611700,0.006062,281.748000,0.003742,252.5
1985-06-28,0.017964,229.642100,0.009799,273.603200,0.011072,308.618600,0.010745,324.301300,0.006252,309.534900,0.005546,283.310600,0.002796,253.2
1985-07-31,-0.010441,227.244400,-0.009508,271.001800,0.005229,310.232300,0.004502,325.761300,0.006215,311.458700,0.006196,285.065900,0.001859,253.6
1985-08-30,0.021166,232.054200,0.025767,277.984700,0.009028,313.033100,0.008959,328.679800,0.006586,313.509900,0.005792,286.717100,0.001855,254.1
1985-09-30,0.000810,232.242200,0.004798,279.318500,0.009248,315.928000,0.007502,331.145600,0.006320,315.491300,0.006049,288.451400,0.002778,254.8
1985-10-31,0.034843,240.334200,0.026404,286.693600,0.011772,319.647200,0.009047,334.141400,0.006042,317.397500,0.006021,290.188100,0.003693,255.8
1985-11-29,0.043493,250.787100,0.027978,294.714700,0.011652,323.371700,0.008595,337.013400,0.006066,319.322900,0.006156,291.974500,0.002760,256.5
1985-12-31,0.067076,267.608900,0.046272,308.351800,0.014300,327.995900,0.008772,339.969700,0.007308,321.656500,0.006139,293.766800,0.002752,257.2
1986-01-31,0.001764,268.081000,0.003898,309.553700,0.006626,330.169200,0.007157,342.402800,0.006297,323.681900,0.004865,295.196000,0.002745,257.9
1986-02-28,0.102709,295.615300,0.064801,329.613100,0.010161,333.524000,0.008737,345.394400,0.005387,325.425600,0.005296,296.759400,-0.002737,257.2
1986-03-31,0.104662,326.554900,0.057311,348.503600,0.019839,340.140800,0.011685,349.430300,0.007228,327.777800,0.005963,298.529000,-0.004575,256.0
1986-04-30,0.002680,327.430100,0.006599,350.803300,0.006861,342.474500,0.008724,352.478800,0.005942,329.725400,0.005341,300.123600,-0.001838,255.5
1986-05-30,-0.036916,315.342700,-0.038012,337.468600,-0.001333,342.018000,0.003255,353.626100,0.004998,331.373400,0.004934,301.604400,0.002762,256.2
1986-06-30,0.067540,336.640900,0.056067,356.389500,0.016091,347.521400,0.010356,357.288200,0.006052,333.378900,0.005246,303.186600,0.005510,257.6
1986-07-31,-0.019628,330.033400,0.006758,358.797900,0.009934,350.973700,0.008645,360.377000,0.005578,335.238500,0.005011,304.705800,0.000000,257.6
1986-08-29,0.036056,341.933100,0.033625,370.862500,0.017505,357.117500,0.012461,364.867600,0.005879,337.209300,0.004614,306.111700,0.001826,258.1
1986-09-30,-0.038621,328.727200,-0.027450,360.682400,-0.001950,356.421100,0.002585,365.810800,0.004522,338.734200,0.004783,307.575800,0.004558,259.3
1986-10-31,0.004923,330.345600,0.014308,365.843000,0.009022,359.636700,0.006131,368.053600,0.004850,340.377000,0.004209,308.870500,0.000907,259.5
1986-11-28,0.014748,335.217500,0.012064,370.256500,0.006166,361.854300,0.004944,369.873300,0.003898,341.703800,0.003924,310.082500,0.000907,259.8
1986-12-31,-0.003118,334.172300,0.000974,370.617100,0.001797,362.504500,0.002349,370.742100,0.004870,343.367900,0.004767,311.560600,0.000906,260.0
1987-01-30,0.007381,336.638800,0.009960,374.308500,0.008048,365.421900,0.006284,373.071900,0.004961,345.071400,0.004151,312.854000,0.006335,261.6
1987-02-27,0.005694,338.555700,0.004267,375.905700,0.004330,367.004200,0.004092,374.598500,0.004654,346.677400,0.004309,314.202000,0.003597,262.6
1987-03-31,-0.031042,328.046200,-0.014472,370.465600,0.002096,367.773500,0.003873,376.049300,0.005245,348.495700,0.005012,315.776700,0.004480,263.8
1987-04-30,-0.061095,308.004200,-0.038271,356.287500,-0.006749,365.291400,-0.000434,375.886100,0.005410,350.381000,0.004285,317.129800,0.005352,265.2
1987-05-29,-0.014725,303.468800,-0.014005,351.297600,-0.000307,365.179200,0.004298,377.501600,0.004554,351.976700,0.003760,318.322200,0.003549,266.1
1987-06-30,0.022907,310.420400,0.014514,356.396400,0.011400,369.342300,0.009910,381.242700,0.005619,353.954400,0.005031,319.923600,0.003537,267.1
1987-07-31,-0.031751,300.564200,-0.010760,352.561600,0.005844,371.500700,0.005853,383.474100,0.004790,355.649900,0.004058,321.221800,0.002643,267.8
1987-08-31,-0.024082,293.326100,-0.016456,346.759800,0.000715,371.766300,0.003542,384.832300,0.005215,357.504600,0.004744,322.745700,0.005272,269.2
1987-09-30,-0.051902,278.101900,-0.032366,335.536600,-0.005103,369.869200,0.000240,384.924700,0.004621,359.156600,0.004820,324.301200,0.005245,270.6
1987-10-30,0.085964,302.008600,0.056846,354.610500,0.021924,377.978200,0.015686,390.962600,0.008572,362.235300,0.006040,326.260000,0.002609,271.3
1987-11-30,-0.000647,301.813200,-0.003664,353.311200,0.005853,380.190500,0.005826,393.240400,0.005902,364.373200,0.003366,327.358200,0.000867,271.5
1987-12-31,0.023039,308.766700,0.018248,359.758400,0.006748,382.756100,0.005116,395.252200,0.004921,366.166300,0.002988,328.336400,0.000000,271.5
1988-01-29,0.062264,327.991700,0.044235,375.672400,0.015546,388.706400,0.011254,399.700400,0.005001,367.997500,0.002762,329.243300,0.002600,272.2
1988-02-29,0.014352,332.699000,0.013917,380.900600,0.008317,391.939200,0.007677,402.768900,0.005349,369.965900,0.004564,330.746000,0.002593,272.9
1988-03-31,-0.037648,320.173600,-0.019930,373.309300,0.001408,392.491100,0.003859,404.323200,0.004803,371.742900,0.004402,332.202000,0.004310,274.1
1988-04-29,-0.022764,312.885200,-0.012511,368.638800,0.001025,392.893400,0.003688,405.814300,0.004554,373.435800,0.004577,333.722500,0.005150,275.5
1988-05-31,-0.018803,307.002000,-0.015848,362.796600,-0.001166,392.435300,0.001617,406.470500,0.005027,375.313100,0.005051,335.408100,0.003416,276.5
1988-06-30,0.052175,323.019800,0.032302,374.515600,0.010538,396.570800,0.007493,409.516200,0.005473,377.367100,0.004832,337.028700,0.004255,277.6
1988-07-29,-0.028581,313.787600,-0.012001,370.021100,-0.000210,396.487500,0.002558,410.563700,0.004980,379.246400,0.005060,338.734100,0.004237,278.8
1988-08-31,-0.000253,313.708200,0.000564,370.229800,0.002583,397.511600,0.004328,412.340700,0.005813,381.451000,0.005957,340.751900,0.004219,280.0
1988-09-30,0.040526,326.421600,0.032089,382.110100,0.011886,402.236400,0.008824,415.979100,0.006366,383.879300,0.006145,342.845800,0.006723,281.9
1988-10-31,0.032335,336.976400,0.021687,390.396900,0.010753,406.561700,0.008575,419.546200,0.006600,386.412900,0.006074,344.928300,0.003339,282.8
1988-11-30,-0.028554,327.354300,-0.020027,382.578400,-0.003489,405.143200,0.000707,419.842800,0.005817,388.660600,0.005742,346.908800,0.000832,283.1
1988-12-30,0.015324,332.370700,0.003005,383.728000,0.001991,405.949800,0.004501,421.732500,0.006759,391.287600,0.006306,349.096400,0.001663,283.5
1989-01-31,0.024232,340.424800,0.016054,389.888400,0.008281,409.311500,0.008496,425.315500,0.007290,394.140100,0.005766,351.109300,0.004979,284.9
1989-02-28,-0.024342,332.138100,-0.014851,384.098200,-0.000783,408.991000,0.002672,426.452000,0.006145,396.562100,0.006110,353.254600,0.004129,286.1
1989-03-31,0.010985,335.786700,0.009400,387.708700,0.003648,410.483000,0.006234,429.110500,0.007611,399.580300,0.006213,355.449500,0.005757,287.8
1989-04-28,0.027851,345.138700,0.024763,397.309500,0.015120,416.689500,0.013278,434.808200,0.007917,402.743800,0.006810,357.870100,0.006541,289.6
1989-05-31,0.040009,358.947300,0.031579,409.856200,0.015246,423.042300,0.011499,439.808100,0.007703,405.846200,0.008006,360.735400,0.005686,291.3
1989-06-30,0.067687,383.243400,0.040859,426.602500,0.020284,431.623300,0.014121,446.018600,0.008402,409.256100,0.007147,363.313500,0.002423,292.0
1989-07-31,0.020339,391.038200,0.025032,437.281200,0.017258,439.072300,0.011753,451.260700,0.007313,412.248900,0.007040,365.871200,0.002417,292.7
1989-08-31,-0.027155,380.419500,-0.024083,426.750200,-0.006341,436.288100,0.000374,451.429400,0.006757,415.034500,0.006684,368.316600,0.001608,293.2
1989-09-29,0.002982,381.554000,0.003223,428.125600,0.005091,438.509300,0.005900,454.092900,0.006565,417.759200,0.006387,370.669000,0.003210,294.1
1989-10-31,0.043740,398.243100,0.033234,442.353900,0.016428,445.713100,0.012722,459.869800,0.007657,420.958000,0.006820,373.197000,0.004800,295.5
1989-11-30,0.008764,401.733300,0.008516,446.121000,0.009564,449.975900,0.007850,463.479800,0.006956,423.886200,0.006340,375.563000,0.002389,296.2
1989-12-29,-0.003425,400.357400,-0.000408,445.939000,0.003835,451.701600,0.005058,465.824100,0.006462,426.625300,0.005941,377.794300,0.001589,296.7
1990-01-31,-0.042903,383.180900,-0.024409,435.054100,-0.000534,451.460400,0.004723,468.024200,0.007025,429.622400,0.005852,380.005100,0.010309,299.8
1990-02-28,-0.005948,380.901700,-0.002074,434.151800,0.004174,453.344800,0.006603,471.114600,0.005970,432.187200,0.005818,382.215900,0.004710,301.2
1990-03-30,-0.002646,379.893800,-0.001702,433.412800,0.002374,454.421000,0.004950,473.446600,0.006457,434.977900,0.006380,384.654400,0.005469,302.8
1990-04-30,-0.030332,368.370900,-0.017396,425.873200,0.002517,455.564800,0.005484,476.042900,0.007226,438.121000,0.006829,387.281300,0.001554,303.3
1990-05-31,0.048937,386.397900,0.032827,439.853300,0.014494,462.167700,0.012023,481.766400,0.007192,441.272000,0.006404,389.761600,0.002327,304.0
1990-06-29,0.025699,396.327900,0.017846,447.702900,0.010964,467.234900,0.009427,486.308000,0.006500,444.140200,0.005898,392.060400,0.005418,305.6
1990-07-31,0.005766,398.613100,0.011922,453.040400,0.011825,472.760000,0.010010,491.176000,0.007401,447.427300,0.006704,394.688700,0.003849,306.8
1990-08-31,-0.051388,378.129200,-0.025843,441.332500,0.003418,474.375900,0.005492,493.873500,0.006726,450.436700,0.006154,397.117800,0.009202,309.6
1990-09-28,0.010307,382.026600,0.009186,445.386600,0.008175,478.253900,0.007546,497.600300,0.006269,453.260500,0.005984,399.494100,0.008359,312.2
1990-10-31,0.025931,391.932900,0.018981,453.840500,0.011386,483.699300,0.009687,502.420500,0.006638,456.269300,0.006559,402.114600,0.006029,314.1
1990-11-30,0.047660,410.612400,0.030133,467.516100,0.009566,488.326400,0.007964,506.421800,0.006500,459.235000,0.005651,404.386900,0.002247,314.8
1990-12-31,0.022503,419.852400,0.019396,476.584000,0.012476,494.418800,0.009662,511.314900,0.007378,462.623200,0.005989,406.808800,0.000000,314.8
1991-01-31,0.011376,424.628700,0.010098,481.396600,0.008416,498.579800,0.009246,516.042500,0.006225,465.503100,0.004637,408.695100,0.005979,316.7
1991-02-28,0.004963,426.736100,0.006436,484.494800,0.006324,501.732800,0.007135,519.724400,0.005150,467.900400,0.004767,410.643400,0.001486,317.2
1991-03-28,0.001127,427.217000,0.004182,486.521000,0.004789,504.135600,0.006796,523.256500,0.005189,470.328300,0.004391,412.446500,0.001484,317.6
1991-04-30,0.011921,432.309900,0.009500,491.142900,0.010024,509.189000,0.008219,527.557100,0.006082,473.188900,0.005335,414.646900,0.001481,318.1
1991-05-31,-0.003320,430.874600,0.004376,493.292200,0.006358,512.426500,0.005667,530.546800,0.004892,475.503700,0.004461,416.496900,0.002959,319.1
1991-06-28,-0.011133,426.077700,-0.006102,490.282100,0.003577,514.259400,0.004065,532.703500,0.004511,477.648700,0.004171,418.234100,0.002950,320.0
1991-07-31,0.014487,432.250300,0.013229,496.768000,0.008721,518.744300,0.008151,537.045500,0.005221,480.142500,0.004840,420.258300,0.001471,320.5
1991-08-30,0.036300,447.941000,0.025923,509.645700,0.013952,525.981800,0.009562,542.180800,0.005137,482.609000,0.004610,422.195700,0.002937,321.4
1991-09-30,0.034585,463.433000,0.031095,525.493200,0.011493,532.026900,0.008127,546.587100,0.004981,485.012900,0.004558,424.120100,0.004392,322.8
1991-10-31,-0.003614,461.758100,0.006005,528.648800,0.011070,537.916400,0.008269,551.106800,0.005029,487.452000,0.004246,425.920900,0.001458,323.3
1991-11-29,-0.002552,460.579700,0.008336,533.055600,0.010648,543.644200,0.007926,555.474900,0.004846,489.814200,0.003915,427.588400,0.002911,324.2
1991-12-31,0.070085,492.859500,0.054398,562.052800,0.016358,552.537100,0.010221,561.152400,0.004796,492.163400,0.003792,429.209800,0.000726,324.5
1992-01-31,-0.033888,476.157500,-0.024549,548.254900,-0.001171,551.890100,0.002622,562.623700,0.003505,493.888400,0.003059,430.522900,0.001450,324.9
1992-02-28,0.001704,476.968800,0.008862,553.113600,0.002170,553.087700,0.003748,564.732400,0.002851,495.296500,0.002828,431.740500,0.003621,326.1
1992-03-31,-0.010904,471.768000,-0.007535,548.945900,-0.000917,552.580500,0.002839,566.335700,0.003454,497.007200,0.003376,433.198000,0.005051,327.8
1992-04-30,-0.003595,470.071900,0.003928,551.102100,0.010101,558.162100,0.007264,570.449600,0.004110,499.049900,0.003303,434.628600,0.001436,328.2
1992-05-29,0.030102,484.222100,0.021337,562.861000,0.009655,563.551200,0.005982,573.862000,0.003122,500.608000,0.002758,435.827400,0.001434,328.7
1992-06-30,0.012313,490.184300,0.019971,574.101900,0.011923,570.270400,0.006367,577.515800,0.003652,502.436200,0.003201,437.222400,0.003579,329.9
1992-07-31,0.045186,512.333800,0.035683,594.587500,0.012856,577.601800,0.007907,582.082200,0.003894,504.392700,0.002892,438.486800,0.002140,330.6
1992-08-31,0.004210,514.490700,0.009816,600.424000,0.009047,582.827400,0.005392,585.220800,0.002884,505.847300,0.002605,439.629000,0.002847,331.5
1992-09-30,0.010779,520.036400,0.019812,612.319600,0.010117,588.723800,0.007106,589.379400,0.003376,507.555100,0.002573,440.760100,0.002839,332.5
1992-10-30,-0.023612,507.757300,-0.017524,601.589300,-0.006778,584.733400,-0.001585,588.445200,0.002093,508.617400,0.002286,441.767700,0.003539,333.6
1992-11-30,0.007261,511.444100,-0.003450,599.513900,-0.001683,583.749300,0.001173,589.135500,0.002163,509.717500,0.002346,442.804000,0.001410,334.1
1992-12-31,0.029433,526.497400,0.022404,612.945400,0.010230,589.721100,0.006298,592.845800,0.003378,511.439400,0.002270,443.809200,-0.000704,333.9
1993-01-29,0.027884,541.178300,0.027836,630.007300,0.010609,595.977500,0.005234,595.948800,0.002874,512.909200,0.002335,444.845400,0.004933,335.5
1993-02-26,0.036310,560.828500,0.026678,646.814600,0.009104,601.403200,0.004892,598.864100,0.002229,514.052500,0.002209,445.828100,0.003506,336.7
1993-03-31,0.002359,562.151500,0.005286,650.233700,0.003429,603.465500,0.003634,601.040400,0.002890,515.538100,0.002538,446.959400,0.003494,337.9
1993-04-30,0.003596,564.172900,0.007802,655.306800,0.006525,607.403000,0.003972,603.427700,0.002470,516.811500,0.002372,448.019600,0.002786,338.8
1993-05-28,0.000794,564.620900,-0.000582,654.925400,-0.004272,604.808200,-0.000416,603.176700,0.002168,517.932000,0.002168,448.990900,0.001389,339.3
1993-06-30,0.044182,589.567000,0.032076,675.932800,0.008017,609.657000,0.005124,606.267400,0.003041,519.507000,0.002756,450.228300,0.001387,339.8
1993-07-30,0.019284,600.936200,0.004442,678.935300,0.001747,610.722000,0.002522,607.796400,0.002675,520.896700,0.002402,451.309700,0.000000,339.8
1993-08-31,0.049772,630.846000,0.025066,695.953500,0.008658,616.009700,0.004829,610.731500,0.002867,522.390100,0.002530,452.451600,0.002770,340.7
1993-09-30,0.012604,638.797200,0.007990,701.514200,0.003775,618.335100,0.003242,612.711500,0.002710,523.805700,0.002356,453.517300,0.002072,341.4
1993-10-29,0.015297,648.568900,0.004056,704.359500,0.001636,619.346700,0.002350,614.151300,0.002431,525.079100,0.002210,454.519600,0.004135,342.8
1993-11-30,-0.038172,623.811700,-0.017965,691.705700,0.000174,619.454500,0.001801,615.257400,0.002640,526.465300,0.002477,455.645400,0.000686,343.1
1993-12-31,-0.002516,622.242200,0.005053,695.200900,0.003561,621.660400,0.003365,617.327800,0.003012,528.051000,0.002263,456.676700,0.000000,343.1
1994-01-31,0.020680,635.110100,0.017415,707.307800,0.006626,625.779500,0.004720,620.241500,0.002867,529.565000,0.002503,457.819800,0.002743,344.0
1994-02-28,-0.049909,603.412400,-0.031254,685.201600,-0.006388,621.782000,-0.001965,619.022800,0.001882,530.561600,0.002120,458.790400,0.003420,345.2
1994-03-31,-0.048720,574.014200,-0.038470,658.841900,-0.005119,618.599100,0.000173,619.129900,0.002940,532.121500,0.002469,459.923100,0.003408,346.4
1994-04-29,-0.018695,563.283000,-0.009781,652.397800,-0.005059,615.469600,-0.000950,618.541700,0.002473,533.437400,0.002711,461.169900,0.001359,346.8
1994-05-31,-0.008937,558.248900,-0.001370,651.504000,0.001303,616.271500,0.002361,620.002100,0.003416,535.259600,0.003150,462.622600,0.000678,347.1
1994-06-30,-0.015821,549.416900,-0.005909,647.654200,0.002305,617.692000,0.003405,622.113200,0.003998,537.399600,0.003118,464.065000,0.003390,348.2
1994-07-29,0.034384,568.308000,0.019443,660.246600,0.008862,623.166000,0.005569,625.577700,0.003666,539.369700,0.002751,465.341700,0.002703,349.2
1994-08-31,-0.012563,561.168400,0.003026,662.244500,0.002909,624.978800,0.004103,628.144500,0.003755,541.395000,0.003687,467.057600,0.004043,350.6
1994-09-30,-0.035407,541.299100,-0.023275,646.830800,-0.002879,623.179500,0.000990,628.766300,0.003784,543.443700,0.003659,468.766600,0.002685,351.5
1994-10-31,-0.009704,536.046300,-0.003948,644.277100,0.001976,624.410900,0.003913,631.226700,0.004242,545.748900,0.003840,470.566600,0.000669,351.8
1994-11-30,0.003733,538.047400,-0.001290,643.445900,-0.003965,621.935100,-0.001834,630.069000,0.003882,547.867500,0.003691,472.303300,0.001338,352.2
1994-12-30,0.018757,548.139500,0.011198,650.651300,0.000617,622.318900,0.002553,631.677600,0.005058,550.638600,0.004430,474.395600,0.000000,352.2
1995-01-31,0.026932,562.902000,0.022922,665.565500,0.014517,631.353100,0.010550,638.341800,0.005188,553.495400,0.004156,476.367200,0.004008,353.6
1995-02-28,0.029172,579.323000,0.030014,685.541800,0.014637,640.594200,0.009810,644.603900,0.004816,556.161000,0.003983,478.264500,0.003992,355.1
1995-03-31,0.009134,584.614500,0.007195,690.474200,0.005682,644.234000,0.005120,647.904300,0.005096,558.995200,0.004134,480.241500,0.003313,356.2
1995-04-28,0.016918,594.505000,0.016973,702.193700,0.009411,650.296900,0.006553,652.150000,0.004629,561.582800,0.004450,482.378600,0.003303,357.4
1995-05-31,0.091481,648.890900,0.054900,740.744100,0.019592,663.037600,0.010509,659.003500,0.005490,564.665900,0.005355,484.961800,0.001975,358.1
1995-06-30,0.010426,655.656300,0.011343,749.146400,0.005396,666.615300,0.005600,662.693900,0.005136,567.566000,0.004714,487.247900,0.001971,358.8
1995-07-31,-0.022437,640.945300,-0.008576,742.721700,0.004020,669.295100,0.004912,665.949000,0.004856,570.322100,0.004522,489.451300,0.000000,358.8
1995-08-31,0.022845,655.587700,0.014105,753.197800,0.005882,673.231900,0.005545,669.641700,0.005051,573.202800,0.004637,491.720800,0.002623,359.8
1995-09-29,0.026445,672.924800,0.012995,762.985600,0.004902,676.532100,0.003820,672.199700,0.004328,575.683600,0.004309,493.839600,0.001962,360.5
1995-10-31,0.025703,690.221000,0.016065,775.243000,0.008869,682.532200,0.006350,676.468200,0.004808,578.451500,0.004714,496.167600,0.003264,361.6
1995-11-30,0.031042,711.646800,0.022024,792.316900,0.009914,689.298900,0.006272,680.711000,0.004469,581.036600,0.004108,498.206100,-0.000651,361.4
1995-12-29,0.028825,732.160000,0.017912,806.508900,0.007570,694.516800,0.005909,684.733300,0.005418,584.184700,0.004882,500.638300,-0.000651,361.2
1996-01-31,-0.004412,728.929700,0.006363,811.640700,0.009437,701.071000,0.006672,689.301900,0.004883,587.037200,0.004278,502.779900,0.005863,363.3
1996-02-29,-0.059251,685.739900,-0.028964,788.132300,-0.004858,697.665200,0.001647,690.437200,0.003980,589.373700,0.003908,504.744700,0.003238,364.5
1996-03-29,-0.020510,671.675400,-0.010249,780.054700,-0.002462,695.947600,0.001324,691.351300,0.003719,591.565500,0.003943,506.735000,0.005165,366.4
1996-04-30,-0.021421,657.287400,-0.017066,766.742300,0.000749,696.468800,0.003701,693.910000,0.004557,594.261300,0.004579,509.055300,0.003854,367.8
1996-05-31,-0.008201,651.897000,-0.005880,762.233900,0.002034,697.885400,0.004302,696.895200,0.004414,596.884400,0.003982,511.082600,0.001919,368.5
1996-06-28,0.017053,663.013800,0.014535,773.313000,0.006752,702.597500,0.004751,700.206200,0.004102,599.332800,0.004000,513.126900,0.000639,368.7
1996-07-31,-0.002954,661.055200,0.000530,773.722800,0.004428,705.708700,0.004591,703.420800,0.004798,602.208400,0.004497,515.434300,0.001914,369.4
1996-08-30,-0.017676,649.370400,-0.005140,769.745900,0.002960,707.797600,0.005076,706.991400,0.004506,604.921900,0.004122,517.559000,0.001911,370.1
1996-09-30,0.030438,669.136000,0.022799,787.295300,0.009433,714.474200,0.006292,711.439700,0.004822,607.838900,0.004375,519.823300,0.003179,371.3
1996-10-31,0.042653,697.676600,0.029722,810.695300,0.011970,723.026500,0.007251,716.598400,0.004262,610.429500,0.004246,522.030500,0.003169,372.5
1996-11-29,0.034510,721.753500,0.026511,832.187700,0.007390,728.369600,0.005262,720.369200,0.004227,613.009700,0.003941,524.087800,0.001895,373.2
1996-12-31,-0.031496,699.021100,-0.021218,814.530300,-0.000112,728.288000,0.002863,722.431500,0.004577,615.815500,0.004404,526.395900,0.000000,373.2
1997-01-31,-0.013006,689.929600,-0.000088,814.458600,0.004703,731.713200,0.004862,725.944000,0.004517,618.597100,0.004014,528.508800,0.003153,374.4
1997-02-28,-0.002691,688.073000,-0.002146,812.710800,0.001651,732.921200,0.003557,728.526200,0.003902,621.010900,0.003788,530.510800,0.003143,375.5
1997-03-31,-0.030803,666.878300,-0.019247,797.068500,-0.000992,732.194200,0.002222,730.145000,0.004282,623.670100,0.004310,532.797300,0.002506,376.5
1997-04-30,0.023384,682.472600,0.019041,812.245500,0.008277,738.254600,0.006369,734.795300,0.004844,626.691200,0.004313,535.095300,0.001250,376.9
1997-05-30,0.011355,690.222100,0.011188,821.333000,0.006950,743.385400,0.006314,739.434800,0.004837,629.722500,0.004263,537.376400,-0.000624,376.7
1997-06-30,0.022064,705.451200,0.017494,835.701300,0.007522,748.977200,0.006033,743.895800,0.004228,632.384900,0.003744,539.388300,0.001249,377.2
1997-07-31,0.068826,754.004600,0.040304,869.383400,0.011707,757.745400,0.007395,749.396900,0.004530,635.249600,0.004294,541.704300,0.001248,377.6
1997-08-29,-0.037511,725.721000,-0.020309,851.727100,-0.000048,757.709100,0.002864,751.543200,0.004337,638.004700,0.004058,543.902600,0.001869,378.4
1997-09-30,0.034199,750.540000,0.022409,870.813500,0.008374,764.054100,0.006287,756.268100,0.004863,641.107300,0.004576,546.391500,0.002488,379.3
1997-10-31,0.038609,779.517600,0.024771,892.384400,0.007776,769.995400,0.005622,760.519800,0.004169,643.780100,0.003911,548.528500,0.002481,380.2
1997-11-28,0.011381,788.389300,0.001182,893.439200,0.001813,771.391400,0.002906,762.729900,0.003986,646.346200,0.003773,550.598000,-0.000619,380.0
1997-12-31,0.025418,808.428600,0.014809,906.670100,0.007960,777.531700,0.006296,767.532100,0.005112,649.650300,0.004629,553.146800,-0.001238,379.5
1998-01-30,0.020607,825.087800,0.021106,925.806300,0.010187,785.452400,0.006909,772.835000,0.004677,652.688700,0.004204,555.472200,0.001860,380.2
1998-02-27,-0.012024,815.167000,-0.007748,918.633200,0.000297,785.685700,0.002630,774.867500,0.003693,655.099100,0.003847,557.609100,0.001856,380.9
1998-03-31,0.003498,818.018400,0.002537,920.963700,0.004476,789.202400,0.004674,778.489300,0.004878,658.294700,0.004485,560.110000,0.001853,381.6
1998-04-30,0.003051,820.514200,0.003324,924.025000,0.004470,792.730100,0.004705,782.152000,0.004626,661.340000,0.004308,562.523000,0.001850,382.4
1998-05-29,0.024226,840.392000,0.010086,933.344800,0.005058,796.739800,0.004342,785.548100,0.004217,664.128800,0.003805,564.663400,0.001846,383.1
1998-06-30,0.030750,866.234100,0.013545,945.986900,0.005682,801.266900,0.005285,789.699800,0.004381,667.038400,0.004021,566.933900,0.001229,383.5
1998-07-31,-0.007669,859.590900,0.000356,946.323700,0.004793,805.107300,0.004824,793.509300,0.004372,669.954700,0.003873,569.129700,0.001227,384.0
1998-08-31,0.060251,911.382100,0.036926,981.267600,0.016170,818.125900,0.008363,800.145400,0.004510,672.976200,0.004012,571.413100,0.001225,384.5
1998-09-30,0.052042,958.812300,0.052732,1033.01200,0.012325,828.209300,0.007484,806.133700,0.005102,676.409700,0.003875,573.627300,0.001224,384.9
1998-10-30,-0.022627,937.117200,-0.010324,1022.34700,0.004721,832.119300,0.005137,810.274800,0.003809,678.986100,0.003353,575.550700,0.002445,385.9
1998-11-30,0.009537,946.054500,-0.006612,1015.58700,-0.000709,831.529300,0.001503,811.492600,0.003565,681.406700,0.003233,577.411500,0.000000,385.9
1998-12-31,0.000421,946.452800,0.009651,1025.38900,0.003025,834.044700,0.003931,814.682600,0.003951,684.099000,0.003779,579.593800,-0.000610,385.6
1999-01-29,0.005447,951.608100,0.003290,1028.76200,0.003584,837.033900,0.003757,817.743400,0.003572,686.542600,0.003494,581.618800,0.002441,386.6
1999-02-26,-0.074440,880.770400,-0.044000,983.496700,-0.006687,831.436700,-0.000219,817.564300,0.003042,688.631000,0.003372,583.580100,0.001217,387.1
1999-03-31,-0.001208,879.706400,0.008629,991.983300,0.008040,838.121400,0.006590,822.952000,0.004331,691.613500,0.004076,585.958800,0.003040,388.2
1999-04-30,-0.000682,879.106500,-0.003473,988.538100,0.002924,840.572100,0.003813,826.089900,0.003557,694.073500,0.003784,588.176000,0.007273,391.1
1999-05-28,-0.019170,862.254000,-0.022523,966.273300,-0.001816,839.045600,0.001017,826.930100,0.003504,696.505600,0.003463,590.212900,0.000000,391.1
1999-06-30,-0.013872,850.292900,-0.007150,959.364400,0.003520,841.999100,0.004703,830.819100,0.004475,699.622400,0.004098,592.631600,0.000000,391.1
1999-07-30,-0.014073,838.326700,-0.004169,955.364800,0.002404,844.023200,0.004497,834.555300,0.004142,702.520300,0.003658,594.799400,0.003008,392.2
1999-08-31,-0.004570,834.495500,-0.004519,951.047600,0.003621,847.079400,0.003630,837.584800,0.004170,705.449800,0.003876,597.104800,0.002400,393.2
1999-09-30,0.006405,839.840400,0.012025,962.483900,0.006687,852.743900,0.005627,842.297900,0.004565,708.670200,0.003705,599.317300,0.004788,395.1
1999-10-29,-0.010533,830.994400,-0.006108,956.605000,0.001057,853.645200,0.002891,844.732900,0.003940,711.462300,0.003581,601.463500,0.001787,395.8
1999-11-30,-0.011197,821.689800,-0.006589,950.302000,0.001505,854.929900,0.002745,847.051700,0.004302,714.523000,0.003811,603.755600,0.000595,396.0
1999-12-31,-0.019611,805.575600,-0.012400,938.518200,0.001144,855.908000,0.003245,849.800400,0.004551,717.774800,0.003764,606.028300,0.000000,396.0
2000-01-31,0.004485,809.188600,-0.009797,929.323600,-0.001417,854.695100,0.002476,851.904500,0.004339,720.889300,0.004343,608.660200,0.002971,397.2
2000-02-29,0.036776,838.947300,0.013598,941.960500,0.006842,860.543000,0.005797,856.843000,0.004262,723.961700,0.004295,611.274500,0.005924,399.5
2000-03-31,0.047912,879.143000,0.034752,974.695500,0.006593,866.216500,0.005338,861.416800,0.004793,727.431600,0.004377,613.950200,0.008245,402.8
2000-04-28,-0.013274,867.473200,-0.010026,964.923200,0.001496,867.512400,0.003549,864.474000,0.004941,731.025900,0.004595,616.771300,0.000584,403.1
2000-05-31,-0.000867,866.721100,0.001771,966.632100,0.004925,871.784900,0.004305,868.195500,0.006164,735.531900,0.004782,619.720700,0.001168,403.5
2000-06-30,0.020563,884.543500,0.022074,987.969500,0.011403,881.725800,0.007794,874.962300,0.004348,738.730000,0.003744,622.041000,0.005248,405.6
2000-07-31,0.020272,902.475000,0.004640,992.553700,0.006752,887.679300,0.005483,879.759700,0.004468,742.030700,0.004772,625.009300,0.002320,406.6
2000-08-31,0.020774,921.223000,0.016603,1009.03300,0.007772,894.578300,0.005976,885.017100,0.005156,745.856600,0.005002,628.135700,0.000000,406.6
2000-09-29,-0.024577,898.582100,-0.001323,1007.69800,0.007983,901.719700,0.005337,889.740500,0.005281,749.795400,0.005093,631.334800,0.005208,408.7
2000-10-31,0.018404,915.119600,0.008647,1016.41200,0.006054,907.178700,0.004956,894.150000,0.005153,753.659100,0.005217,634.628500,0.001727,409.4
2000-11-30,0.029119,941.767000,0.025641,1042.47400,0.010289,916.512700,0.006788,900.219500,0.005437,757.756800,0.004966,637.780200,0.000575,409.6
2000-12-29,0.026450,966.676700,0.030723,1074.50100,0.012919,928.353100,0.009996,909.218100,0.005512,761.933500,0.004909,640.911000,-0.000574,409.4
2001-01-31,-0.001917,964.823600,0.004164,1078.97600,0.013519,940.903600,0.012048,920.172400,0.006900,767.190900,0.005243,644.271300,0.006322,412.0
2001-02-28,0.014203,978.527000,0.011636,1091.53100,0.006873,947.370400,0.004732,924.526600,0.003967,770.234300,0.003653,646.624900,0.003998,413.6
2001-03-30,-0.014758,964.085900,0.002750,1094.53200,0.007193,954.184800,0.007367,931.337600,0.004678,773.837500,0.004320,649.418300,0.002275,414.6
2001-04-30,-0.043105,922.528900,-0.027449,1064.48800,0.002154,956.240100,0.004721,935.734500,0.004470,777.296500,0.003864,651.927600,0.003973,416.2
2001-05-31,0.008805,930.651800,0.001373,1065.95000,0.005381,961.385600,0.006094,941.436800,0.003853,780.291500,0.003183,654.002900,0.004522,418.1
2001-06-29,0.004153,934.516800,0.002161,1068.25400,0.003227,964.488000,0.002773,944.047400,0.003001,782.633100,0.002778,655.819700,0.001688,418.8
2001-07-31,0.038582,970.572400,0.030526,1100.86300,0.013110,977.132500,0.007754,951.367600,0.003305,785.219700,0.002999,657.786500,-0.002809,417.6
2001-08-31,0.026989,996.767100,0.015065,1117.44800,0.007129,984.098400,0.004845,955.977000,0.003284,787.798400,0.002996,659.757500,0.000000,417.6
2001-09-28,-0.002660,994.115700,0.022599,1142.70100,0.017807,1001.62200,0.010444,965.961200,0.004224,791.126000,0.002730,661.558700,0.004507,419.5
2001-10-31,0.088895,1082.48800,0.031821,1179.06300,0.012043,1013.68500,0.007903,973.595200,0.002545,793.139500,0.002154,662.983700,-0.003365,418.1
2001-11-30,-0.055366,1022.55500,-0.035211,1137.54700,-0.005276,1008.33700,0.001236,974.798500,0.002106,794.809800,0.001749,664.143200,-0.001688,417.4
2001-12-31,-0.022782,999.258800,-0.017354,1117.80600,0.000250,1008.58900,0.002073,976.819300,0.001592,796.075100,0.001484,665.128800,-0.003946,415.8
2002-01-31,0.010098,1009.34900,0.004609,1122.95800,0.002636,1011.24700,0.000687,977.490400,0.001488,797.259700,0.001390,666.053700,0.002264,416.7
2002-02-28,0.006827,1016.24000,0.012027,1136.46300,0.005400,1016.70800,0.003139,980.558700,0.001373,798.354300,0.001285,666.909500,0.003953,418.4
2002-03-28,-0.050435,964.986100,-0.036790,1094.65300,-0.008508,1008.05800,-0.002648,977.962200,0.001376,799.452900,0.001341,667.803900,0.005624,420.7
2002-04-30,0.036252,999.968700,0.029382,1126.81600,0.013578,1021.74500,0.007708,985.500300,0.001669,800.787100,0.001546,668.836300,0.005593,423.1
2002-05-31,0.002146,1002.11500,0.008136,1135.98400,0.004414,1026.25500,0.002214,987.682200,0.001607,802.074000,0.001442,669.800500,0.000000,423.1
2002-06-28,0.018716,1020.87000,0.021555,1160.47000,0.009430,1035.93300,0.005796,993.406800,0.001432,803.222600,0.001312,670.679300,0.000556,423.3
2002-07-31,0.035049,1056.65100,0.030770,1196.17800,0.015878,1052.38100,0.005072,998.445400,0.001556,804.472400,0.001507,671.690000,0.001112,423.8
2002-08-30,0.060110,1120.16600,0.030178,1232.27600,0.004572,1057.19300,0.000968,999.411900,0.001467,805.652600,0.001402,672.631700,0.003331,425.2
2002-09-30,0.042904,1168.22600,0.046890,1290.05700,0.010277,1068.05800,0.004035,1003.44500,0.001606,806.946400,0.001414,673.582800,0.001660,425.9
2002-10-31,-0.041985,1119.17800,-0.020221,1263.97100,0.002358,1070.57600,0.002565,1006.01800,0.001475,808.136700,0.001334,674.481700,0.001657,426.6
2002-11-29,-0.003344,1115.43500,-0.021163,1237.22200,-0.005049,1065.17100,-0.000347,1005.66900,0.001557,809.395000,0.001166,675.268100,0.000000,426.6
2002-12-31,0.042637,1162.99400,0.035968,1281.72200,0.011089,1076.98300,0.004480,1010.17500,0.001199,810.365400,0.001079,675.996700,-0.002206,425.6
2003-01-31,-0.004782,1157.43300,-0.008285,1271.10300,0.000875,1077.92500,0.000443,1010.62200,0.001084,811.243900,0.000934,676.628300,0.004422,427.5
2003-02-28,0.029008,1191.00700,0.026230,1304.44400,0.005203,1083.53300,0.001683,1012.32300,0.000850,811.933400,0.000871,677.217600,0.007705,430.8
2003-03-31,-0.017930,1169.65300,-0.005651,1297.07300,0.001900,1085.59200,0.002141,1014.49000,0.001198,812.906100,0.001020,677.908300,0.006008,433.4
2003-04-30,0.011381,1182.96400,-0.000069,1296.98300,0.001626,1087.35700,0.001039,1015.54400,0.000930,813.662100,0.000939,678.544900,-0.002172,432.5
2003-05-30,0.064188,1258.89600,0.042443,1352.03100,0.004609,1092.36900,0.001078,1016.63900,0.000958,814.441600,0.000903,679.157600,-0.001632,431.8
2003-06-30,-0.023214,1229.67200,-0.009082,1339.75200,0.002200,1094.77200,0.002162,1018.83700,0.001439,815.613600,0.000984,679.825900,0.001090,432.2
2003-07-31,-0.104917,1100.65900,-0.066819,1250.23100,-0.006811,1087.31600,-0.000905,1017.91500,0.000746,816.222000,0.000674,680.284300,0.001089,432.7
2003-08-29,0.023022,1125.99800,0.004672,1256.07200,-0.002283,1084.83300,0.000532,1018.45700,0.000717,816.807300,0.000689,680.753000,0.003806,434.4
2003-09-30,0.055228,1188.18500,0.046768,1314.81600,0.012150,1098.01400,0.003814,1022.34100,0.001072,817.682900,0.000865,681.341900,0.003250,435.8
2003-10-31,-0.031384,1150.89500,-0.024426,1282.70000,-0.005100,1092.41400,-0.000772,1021.55200,0.000774,818.315800,0.000700,681.819200,-0.001080,435.3
2003-11-28,0.004057,1155.56400,0.001662,1284.83200,-0.001446,1090.83400,-0.000455,1021.08700,0.000804,818.973700,0.000725,682.313400,-0.002703,434.1
2003-12-31,0.013211,1170.83000,0.010311,1298.08000,0.006885,1098.34500,0.003836,1025.00400,0.000971,819.768900,0.000831,682.880400,-0.001084,433.6
2004-01-30,0.019525,1193.69100,0.012966,1314.91100,0.002965,1101.60100,0.001233,1026.26800,0.000868,820.480500,0.000696,683.355700,0.004883,435.8
2004-02-27,0.021635,1219.51600,0.017481,1337.89700,0.005320,1107.46200,0.001592,1027.90200,0.000663,821.024500,0.000623,683.781500,0.005400,438.1
2004-03-31,0.014178,1236.80700,0.014353,1357.10000,0.003441,1111.27300,0.001410,1029.35100,0.000918,821.778200,0.000844,684.358600,0.006445,440.9
2004-04-30,-0.067295,1153.57600,-0.049090,1290.48000,-0.012968,1096.86200,-0.003310,1025.94400,0.000816,822.448700,0.000795,684.902600,0.003202,442.4
2004-05-28,-0.003441,1149.60600,-0.006666,1281.87700,-0.001439,1095.28300,-0.000371,1025.56300,0.000749,823.064700,0.000603,685.315600,0.005851,444.9
2004-06-30,0.011977,1163.37500,0.010107,1294.83300,0.000646,1095.99100,0.000200,1025.76800,0.000819,823.738800,0.000817,685.875500,0.003173,446.4
2004-07-30,0.016703,1182.80700,0.012080,1310.47500,0.003181,1099.47700,0.001789,1027.60300,0.000896,824.476900,0.000919,686.505900,-0.001581,445.6
2004-08-31,0.043186,1233.88800,0.032183,1352.65000,0.008366,1108.67600,0.003512,1031.21200,0.001258,825.514100,0.001116,687.272000,0.000528,445.9
2004-09-30,0.009077,1245.08800,0.002804,1356.44300,-0.001396,1107.12800,-0.000269,1030.93500,0.001327,826.609600,0.001185,688.086200,0.002111,446.8
2004-10-29,0.018720,1268.39600,0.011144,1371.55900,0.003467,1110.96600,0.001553,1032.53600,0.001111,827.527900,0.001129,688.863100,0.005266,449.2
2004-11-30,-0.025773,1235.70500,-0.017663,1347.33300,-0.005720,1104.61100,-0.002025,1030.44500,0.001474,828.747700,0.001541,689.924600,0.000524,449.4
2004-12-31,0.029946,1272.71000,0.013398,1365.38500,0.001828,1106.63100,0.001464,1031.95400,0.002104,830.491400,0.001672,691.077900,-0.003665,447.8
2005-01-31,0.038437,1321.62900,0.009351,1378.15200,-0.000905,1105.62900,0.000604,1032.57700,0.001690,831.894900,0.001661,692.225800,0.002102,448.7
2005-02-28,-0.015657,1300.93600,-0.013112,1360.08200,-0.002707,1102.63600,-0.000387,1032.17700,0.001613,833.236800,0.001641,693.361700,0.005768,451.3
2005-03-31,-0.000930,1299.72600,-0.004518,1353.93700,0.000109,1102.75600,0.001544,1033.77100,0.002385,835.224000,0.002123,694.833600,0.007821,454.8
2005-04-29,0.039067,1350.50300,0.026104,1389.28000,0.006062,1109.44100,0.003691,1037.58700,0.002189,837.052300,0.002072,696.273300,0.006725,457.9
2005-05-31,0.032511,1394.40900,0.018363,1414.79200,0.004763,1114.72600,0.003251,1040.96000,0.002672,839.288900,0.002395,697.940900,-0.001028,457.4
2005-06-30,0.022747,1426.12700,0.009046,1427.59000,0.001778,1116.70800,0.001802,1042.83600,0.002256,841.182400,0.002263,699.520600,0.000514,457.6
2005-07-29,-0.036368,1374.26200,-0.021346,1397.11700,-0.004307,1111.89800,-0.000608,1042.20200,0.002114,842.960600,0.002383,701.187600,0.004627,459.8
2005-08-31,0.035543,1423.10700,0.020806,1426.18500,0.007228,1119.93500,0.004896,1047.30400,0.003081,845.557800,0.002920,703.235000,0.005118,462.1
2005-09-30,-0.041069,1364.66200,-0.018281,1400.11300,-0.003314,1116.22300,-0.000060,1047.24100,0.003136,848.209500,0.002848,705.237900,0.012220,467.8
2005-10-31,-0.022459,1334.01300,-0.011898,1383.45400,-0.000763,1115.37200,0.001098,1048.39100,0.002667,850.471600,0.002728,707.161800,0.002012,468.7
2005-11-30,0.012485,1350.66800,0.006295,1392.16300,0.003289,1119.04000,0.002993,1051.52900,0.003393,853.357300,0.003045,709.315100,-0.008032,464.9
2005-12-30,0.026477,1386.43000,0.011198,1407.75300,0.003983,1123.49700,0.003666,1055.38400,0.003170,856.062400,0.003160,711.556300,-0.004049,463.1
2006-01-31,-0.015976,1364.28000,-0.004563,1401.32900,0.001664,1125.36700,0.001937,1057.42800,0.003212,858.812100,0.003488,714.038200,0.007622,466.6
2006-02-28,0.012809,1381.75500,0.000153,1401.54300,0.000597,1126.03900,0.002138,1059.68900,0.003270,861.620400,0.003322,716.410300,0.002017,467.5
2006-03-31,-0.055518,1305.04300,-0.019782,1373.81800,0.001006,1127.17100,0.002633,1062.47900,0.003923,865.000600,0.003642,719.019600,0.005536,470.1
2006-04-28,-0.038002,1255.44900,-0.008795,1361.73500,0.002915,1130.45700,0.003109,1065.78200,0.003340,867.889700,0.003559,721.578700,0.008509,474.1
2006-05-31,-0.005631,1248.37900,-0.001047,1360.31000,0.001361,1131.99600,0.002628,1068.58300,0.004294,871.616400,0.004195,724.605700,0.004963,476.5
2006-06-30,0.010872,1261.95200,0.003077,1364.49500,0.001500,1133.69400,0.002458,1071.21000,0.003842,874.965100,0.003970,727.482400,0.001975,477.4
2006-07-31,0.023037,1291.02300,0.016418,1386.89800,0.008253,1143.05000,0.005809,1077.43300,0.004207,878.646100,0.003976,730.374800,0.002957,478.8
2006-08-31,0.033521,1334.30000,0.021575,1416.82000,0.007300,1151.39400,0.005217,1083.05400,0.004477,882.579800,0.004283,733.503200,0.001966,479.8
2006-09-29,0.022313,1364.07200,0.011343,1432.89100,0.004989,1157.13900,0.004391,1087.80900,0.004418,886.479000,0.004047,736.471700,-0.004904,477.4
2006-10-31,0.011512,1379.77500,0.007074,1443.02700,0.003894,1161.64400,0.003965,1092.12200,0.003932,889.964700,0.004076,739.473600,-0.005421,474.8
2006-11-30,0.028752,1419.44600,0.013674,1462.75900,0.005344,1167.85200,0.004218,1096.72900,0.004312,893.802200,0.004243,742.611000,-0.001487,474.1
2006-12-29,-0.035085,1369.64500,-0.015746,1439.72700,-0.000605,1167.14600,0.002285,1099.23500,0.004088,897.456100,0.004036,745.608200,0.001489,474.8
2007-01-31,-0.010679,1355.01900,-0.003600,1434.54400,0.001951,1169.42300,0.003995,1103.62600,0.004410,901.413900,0.004328,748.835100,0.003053,476.3
2007-02-28,0.035901,1403.66500,0.019999,1463.23300,0.008344,1179.18000,0.005063,1109.21400,0.003807,904.845500,0.003837,751.708400,0.005350,478.8
2007-03-30,-0.021418,1373.60100,-0.002247,1459.94500,0.004382,1184.34800,0.003904,1113.54400,0.004365,908.795200,0.004257,754.908500,0.009106,483.2
2007-04-30,0.008677,1385.52000,0.006799,1469.87100,0.003723,1188.75700,0.003403,1117.33400,0.004529,912.911100,0.004348,758.190800,0.006496,486.3
2007-05-31,-0.025944,1349.57400,-0.014483,1448.58300,-0.001889,1186.51100,0.002538,1120.17000,0.004487,917.007400,0.004046,761.258700,0.006111,489.3
2007-06-29,-0.013263,1331.67500,-0.006804,1438.72700,0.004189,1191.48200,0.004246,1124.92600,0.003801,920.492900,0.003918,764.241300,0.001938,490.2
2007-07-31,0.039013,1383.62700,0.023884,1473.08900,0.010287,1203.73800,0.006321,1132.03700,0.004037,924.208900,0.003962,767.269200,-0.000254,490.1
2007-08-31,0.014998,1404.37900,0.017130,1498.32300,0.010008,1215.78500,0.007002,1139.96300,0.005694,929.471300,0.004205,770.495700,-0.001834,489.2
2007-09-28,0.002330,1407.65100,-0.000440,1497.66400,0.006878,1224.14800,0.005447,1146.17200,0.003905,933.100900,0.003347,773.074500,0.002756,490.6
2007-10-31,0.018432,1433.59700,0.013082,1517.25700,0.004278,1229.38500,0.003567,1150.26100,0.003145,936.035600,0.003212,775.557600,0.002139,491.6
2007-11-30,0.062646,1523.40600,0.044192,1584.30700,0.020658,1254.78100,0.011388,1163.36000,0.004658,940.395600,0.003395,778.190600,0.005940,494.5
2007-12-31,-0.008740,1510.09200,-0.003627,1578.56100,0.001824,1257.07000,0.001147,1164.69400,0.002879,943.103000,0.002921,780.463700,-0.000671,494.2
2008-01-31,0.025452,1548.52600,0.038355,1639.10700,0.020304,1282.59300,0.013061,1179.90600,0.005008,947.826100,0.002430,782.360200,0.004971,496.7
2008-02-29,-0.007590,1536.77300,0.009265,1654.29300,0.009926,1295.32400,0.005399,1186.27700,0.001676,949.414600,0.001325,783.396800,0.002904,498.1
2008-03-31,0.022067,1570.68500,0.011256,1672.91400,0.003037,1299.25800,0.002887,1189.70200,0.002430,951.721700,0.001869,784.861000,0.008668,502.4
2008-04-30,-0.025128,1531.21700,-0.016442,1645.40800,-0.012268,1283.31900,-0.002938,1186.20600,0.001126,952.793300,0.001025,785.665400,0.006065,505.5
2008-05-30,-0.036625,1475.13600,-0.018756,1614.54600,-0.005992,1275.62900,-0.001104,1184.89700,0.000221,953.003900,0.000946,786.408700,0.008421,509.7
2008-06-30,0.036209,1528.54900,0.010754,1631.90900,0.003551,1280.15900,0.001278,1186.41100,0.001831,954.748800,0.001750,787.784900,0.010077,514.9
2008-07-31,-0.004120,1522.25200,0.005155,1640.32200,0.005230,1286.85400,0.003177,1190.18000,0.001720,956.391000,0.001440,788.919400,0.005251,517.6
2008-08-29,0.028500,1565.63600,0.015313,1665.44000,0.004534,1292.68900,0.002366,1192.99600,0.001413,957.742400,0.001282,789.930800,-0.003992,515.5
2008-09-30,0.022100,1600.23600,0.000875,1666.89700,0.010026,1305.65000,0.005113,1199.09600,0.002546,960.180800,0.001530,791.139300,-0.001383,514.8
2008-10-31,-0.006968,1589.08600,-0.028592,1619.23700,0.012592,1322.09000,0.005218,1205.35300,0.001208,961.340700,0.000792,791.766200,-0.010101,509.6
2008-11-28,0.172202,1862.73000,0.085378,1757.48500,0.012121,1338.11500,0.007170,1213.99500,0.001024,962.325100,0.000228,791.946700,-0.019153,499.8
2008-12-31,0.146556,2135.72400,0.056872,1857.43600,0.006517,1346.83600,0.003890,1218.71800,0.000063,962.385800,0.000029,791.969700,-0.010342,494.7
2009-01-30,-0.147382,1820.95700,-0.044454,1774.86600,-0.004086,1341.33300,-0.001545,1216.83500,-0.000038,962.349200,0.000023,791.987900,0.004352,496.8
2009-02-27,-0.016446,1791.00900,-0.001920,1771.45800,-0.000711,1340.37900,-0.001389,1215.14500,0.000280,962.618700,0.000147,792.104300,0.004973,499.3
2009-03-31,0.035141,1853.94700,0.032910,1829.75700,0.005159,1347.29400,0.001434,1216.88700,0.000351,962.956500,0.000159,792.230200,0.002432,500.5
2009-04-30,-0.084469,1697.34600,-0.035782,1764.28400,-0.001117,1345.78900,0.001908,1219.20900,0.000359,963.302200,0.000125,792.329300,0.002496,501.7
2009-05-29,-0.045676,1619.81800,-0.016442,1735.27600,0.000831,1346.90700,0.000361,1219.64900,0.000118,963.415900,0.000017,792.342800,0.002889,503.2
2009-06-30,0.004932,1627.80700,0.002851,1740.22300,-0.002294,1343.81800,0.000567,1220.34100,0.000108,963.520000,0.000075,792.402200,0.008590,507.5
2009-07-31,0.008809,1642.14600,0.008263,1754.60300,0.001920,1346.39800,0.001105,1221.68900,0.000196,963.708800,0.000119,792.496300,-0.001586,506.7
2009-08-31,0.024428,1682.26100,0.010147,1772.40700,0.004433,1352.36600,0.001488,1223.50700,0.000241,963.941000,0.000116,792.588200,0.002243,507.8
2009-09-30,0.024697,1723.80700,0.010322,1790.70100,0.002416,1355.63400,0.000799,1224.48400,0.000250,964.182000,0.000079,792.650900,0.000625,508.2
2009-10-30,-0.024902,1680.88100,-0.003575,1784.30000,0.002946,1359.62700,-0.000021,1224.45900,0.000195,964.370000,0.000040,792.682500,0.000963,508.7
2009-11-30,0.007070,1692.76500,0.018977,1818.16000,0.006743,1368.79500,0.001892,1226.77500,0.000104,964.470300,0.000004,792.685700,0.000708,509.0
2009-12-31,-0.065857,1581.28500,-0.037937,1749.18500,-0.006970,1359.25500,-0.001166,1225.34500,0.000066,964.534000,0.000062,792.735200,-0.001761,508.1
2010-01-29,0.027458,1624.70400,0.020794,1785.55700,0.008927,1371.38900,0.003246,1229.32200,0.000062,964.593800,0.000028,792.757500,0.003417,509.9
2010-02-26,-0.007625,1612.31500,0.002013,1789.15200,0.001837,1373.90800,-0.000473,1228.74100,0.000015,964.608300,0.000010,792.765300,0.000249,510.0
2010-03-31,-0.020685,1578.96400,-0.014015,1764.07700,-0.001592,1371.72100,-0.000869,1227.67300,0.000042,964.648800,0.000068,792.819300,0.004106,512.1
2010-04-30,0.035545,1635.08900,0.016503,1793.18900,0.002381,1374.98700,0.000162,1227.87200,0.000129,964.773200,0.000111,792.907300,0.001737,513.0
2010-05-28,0.053633,1722.78300,0.025297,1838.55200,0.005645,1382.74900,0.000695,1228.72600,0.000129,964.897700,0.000112,792.996100,0.000775,513.4
2010-06-30,0.059823,1825.84600,0.033851,1900.78800,0.004265,1388.64600,0.001116,1230.09700,0.000118,965.011500,0.000127,793.096800,-0.000976,512.9
2010-07-30,-0.013918,1800.43300,0.007935,1915.87100,0.001881,1391.25800,0.000856,1231.15000,0.000176,965.181400,0.000142,793.209400,0.000211,513.0
2010-08-31,0.087271,1957.55900,0.035527,1983.93600,0.001747,1393.68900,0.001025,1232.41200,0.000145,965.321300,0.000126,793.309400,0.001381,513.7
2010-09-30,-0.027617,1903.49700,-0.001971,1980.02600,0.001503,1395.78300,0.000346,1232.83800,0.000044,965.363800,0.000125,793.408600,0.000582,514.0
2010-10-29,-0.047609,1812.87400,-0.005208,1969.71400,0.002339,1399.04800,0.000304,1233.21300,0.000159,965.517300,0.000112,793.497400,0.001245,514.6
2010-11-30,-0.018945,1778.52900,-0.007214,1955.50400,-0.002914,1394.97100,-0.000524,1232.56700,0.000046,965.561700,0.000114,793.587900,0.000421,514.8
2010-12-31,-0.033938,1718.16900,-0.038909,1879.41800,-0.001872,1392.36000,-0.000083,1232.46400,0.000220,965.774100,0.000140,793.698700,0.001718,515.7
2011-01-31,-0.033947,1659.84200,-0.000224,1878.99700,0.001807,1394.87600,0.001078,1233.79300,0.000058,965.830100,0.000066,793.751100,0.004763,518.2
2011-02-28,0.013722,1682.61900,-0.000203,1878.61500,-0.001240,1393.14600,0.000241,1234.09000,0.000142,965.967300,0.000122,793.847900,0.004931,520.7
2011-03-31,0.002477,1686.78600,-0.000481,1877.71200,-0.001361,1391.25000,0.000077,1234.18500,0.000237,966.196200,0.000067,793.900900,0.009751,525.8
2011-04-29,0.021352,1722.80300,0.014547,1905.02700,0.005492,1398.89100,0.000672,1235.01500,0.000208,966.397200,0.000053,793.943000,0.006439,529.2
2011-05-31,0.034299,1781.89300,0.024937,1952.53200,0.003772,1404.16800,0.001021,1236.27600,0.000064,966.459000,0.000013,793.953300,0.004704,531.7
2011-06-30,-0.020786,1744.85500,-0.005928,1940.95800,0.001331,1406.03700,0.000198,1236.52000,0.000103,966.558600,0.000035,793.981400,-0.001071,531.1
2011-07-29,0.045984,1825.09000,0.031082,2001.28700,0.002698,1409.83000,-0.000921,1235.38200,-0.000083,966.478400,-0.000028,793.959200,0.000886,531.6
2011-08-31,0.100097,2007.77600,0.047503,2096.35400,0.003605,1414.91200,0.001945,1237.78400,0.000231,966.701600,0.000083,794.025100,0.002758,533.0
2011-09-30,0.138029,2284.90700,0.029468,2158.12900,-0.001143,1413.29500,-0.001243,1236.24600,0.000008,966.709300,-0.000001,794.024300,0.001518,533.9
2011-10-31,-0.037082,2200.17900,-0.012101,2132.01400,0.001335,1415.18200,0.000650,1237.04900,0.000025,966.733500,0.000014,794.035400,-0.002063,532.8
2011-11-30,0.021636,2247.78200,0.008685,2150.53000,0.000186,1415.44500,0.000291,1237.40900,0.000006,966.739300,0.000004,794.038600,-0.000844,532.3
2011-12-30,0.034102,2324.43500,0.019019,2191.43100,0.000491,1416.14000,-0.000495,1236.79700,-0.000009,966.730600,0.000000,794.038600,-0.002467,531.0
2012-01-31,-0.005795,2310.96500,0.008827,2210.77500,0.000864,1417.36400,0.000450,1237.35300,-0.000048,966.684200,-0.000002,794.037000,0.004400,533.3
2012-02-29,-0.024496,2254.35600,-0.010592,2187.35800,-0.001303,1415.51700,-0.000635,1236.56800,0.000018,966.701600,0.000031,794.061600,0.004403,535.7
2012-03-30,-0.044988,2152.93700,-0.019458,2144.79700,-0.000274,1415.12900,-0.000285,1236.21500,0.000088,966.786700,0.000046,794.098100,0.007595,539.7
2012-04-30,0.047272,2254.71100,0.028413,2205.73700,0.002289,1418.36800,0.000716,1237.10000,0.000036,966.821500,0.000029,794.121200,0.003021,541.4
2012-05-31,0.098554,2476.92100,0.031440,2275.08500,0.000290,1418.78000,0.000108,1237.23400,0.000175,966.990700,0.000065,794.172500,-0.001173,540.7
2012-06-29,-0.019824,2427.81900,-0.006625,2260.01300,-0.000607,1417.91800,-0.000491,1236.62700,0.000095,967.082500,0.000022,794.190000,-0.001466,539.9
2012-07-31,0.044671,2536.27200,0.015792,2295.70300,0.002624,1421.63900,0.001154,1238.05400,0.000102,967.181200,0.000032,794.215400,-0.001630,539.1
2012-08-31,-0.019212,2487.54500,-0.002442,2290.09700,-0.000251,1421.28200,-0.000172,1237.84100,0.000123,967.300100,0.000050,794.255100,0.005565,542.1
2012-09-28,-0.028056,2417.75500,-0.006372,2275.50400,0.000019,1421.30900,0.000157,1238.03500,0.000109,967.405600,0.000067,794.308300,0.004462,544.5
2012-10-31,-0.003986,2408.11700,-0.002909,2268.88500,-0.000574,1420.49300,0.000080,1238.13400,0.000067,967.470400,0.000037,794.337700,-0.000389,544.3
2012-11-30,0.013069,2439.58900,0.009380,2290.16700,0.001030,1421.95600,0.000265,1238.46200,0.000195,967.659100,0.000085,794.405200,-0.004738,541.7
2012-12-31,-0.025503,2377.37200,-0.008797,2270.02000,0.000428,1422.56500,0.000379,1238.93200,0.000118,967.773300,0.000103,794.487300,-0.002693,540.2
2013-01-31,-0.040356,2281.43100,-0.014939,2236.10900,0.000317,1423.01600,0.000448,1239.48700,0.000019,967.791600,0.000022,794.504500,0.002957,541.8
2013-02-28,0.016490,2319.05200,0.011635,2262.12600,0.000928,1424.33700,0.000347,1239.91700,0.000017,967.808100,0.000054,794.547300,0.008190,546.3
2013-03-28,-0.000857,2317.06400,0.003768,2270.64900,0.000045,1424.40100,0.000170,1240.12700,0.000143,967.946500,0.000041,794.580000,0.002615,547.7
2013-04-30,0.047396,2426.88400,0.017563,2310.52900,0.001233,1426.15700,0.000714,1241.01300,0.000165,968.106200,0.000037,794.609300,-0.001040,547.1
2013-05-31,-0.069915,2257.20800,-0.031221,2238.39200,-0.001478,1424.04900,-0.000074,1240.92100,0.000093,968.196200,0.000012,794.619200,0.001780,548.1
2013-06-28,-0.039381,2168.31700,-0.029891,2171.48400,-0.000671,1423.09400,-0.000038,1240.87400,0.000053,968.247500,0.000013,794.629600,0.002400,549.4
2013-07-31,-0.022609,2119.29400,-0.004527,2161.65400,0.001729,1425.55400,0.000688,1241.72800,0.000048,968.294000,0.000009,794.636700,0.000394,549.6
2013-08-30,-0.014221,2089.15500,-0.012869,2133.83500,-0.001446,1423.49300,-0.000054,1241.66100,0.000072,968.363700,0.000009,794.643800,0.001203,550.3
2013-09-30,0.005859,2101.39600,0.017924,2172.08200,0.002603,1427.19800,0.000888,1242.76300,0.000040,968.402500,0.000008,794.650200,0.001163,550.9
2013-10-31,0.011250,2125.03600,0.006915,2187.10200,0.000952,1428.55700,0.000122,1242.91500,-0.000018,968.385000,0.000017,794.663900,-0.002575,549.5
2013-11-29,-0.027712,2066.14700,-0.012242,2160.32800,0.000946,1429.90800,0.000042,1242.96700,0.000063,968.446000,0.000032,794.689300,-0.002042,548.4
2013-12-31,-0.024415,2015.70200,-0.021754,2113.33200,-0.001519,1427.73600,0.000129,1243.12700,0.000122,968.564200,0.000023,794.707600,-0.000086,548.4
2014-01-31,0.071553,2159.93200,0.035655,2188.68300,0.001843,1430.36700,0.000323,1243.52900,0.000149,968.708500,0.000012,794.717500,0.003720,550.4
2014-02-28,0.006347,2173.64100,0.004406,2198.32600,0.001181,1432.05700,0.000266,1243.86000,-0.000023,968.686200,0.000045,794.753300,0.003698,552.4
2014-03-31,0.007645,2190.25800,-0.003934,2189.67800,-0.000862,1430.82200,0.000359,1244.30600,0.000096,968.779200,0.000028,794.775500,0.006440,556.0
2014-04-30,0.020936,2236.11400,0.008401,2208.07300,0.001172,1432.49900,0.000680,1245.15200,0.000053,968.830600,0.000015,794.787400,0.003297,557.8
2014-05-30,0.029464,2301.99900,0.019114,2250.27800,0.001989,1435.34800,-0.000006,1245.14500,0.000029,968.858700,0.000008,794.793800,0.003493,559.8
2014-06-30,-0.003218,2294.59100,-0.002418,2244.83700,-0.000501,1434.62900,0.000004,1245.15000,0.000042,968.899400,0.000020,794.809700,0.001862,560.8
2014-07-31,0.011048,2319.94100,-0.000160,2244.47800,-0.000246,1434.27600,0.000281,1245.50000,0.000047,968.944900,0.000013,794.819900,-0.000390,560.6
2014-08-29,0.049426,2434.60700,0.018782,2286.63400,0.001195,1435.99000,0.000623,1246.27600,0.000022,968.966200,0.000003,794.822300,-0.001671,559.7
2014-09-30,-0.019667,2386.72500,-0.010631,2262.32500,-0.000068,1435.89300,0.000191,1246.51400,0.000047,969.011700,0.000004,794.825500,0.000753,560.1
2014-10-31,0.028148,2453.90700,0.013129,2292.02700,0.002620,1439.65500,0.000190,1246.75000,0.000001,969.012700,0.000012,794.835400,-0.002512,558.7
2014-11-28,0.036108,2542.51300,0.014195,2324.56200,0.001547,1441.88200,0.000189,1246.98600,0.000034,969.045700,-0.000001,794.834600,-0.005399,555.6
2014-12-31,0.030158,2619.19000,0.001414,2327.84900,-0.002899,1437.70200,-0.000691,1246.12400,0.000001,969.046700,0.000005,794.838600,-0.005670,552.5
2015-01-30,0.114344,2918.67800,0.042437,2426.63600,0.005300,1445.32200,0.001475,1247.96200,0.000119,969.162000,0.000013,794.848900,-0.004706,549.9
2015-02-27,-0.068324,2719.26300,-0.025087,2365.75900,-0.002444,1441.78900,-0.000415,1247.44500,-0.000005,969.157100,-0.000021,794.832200,0.004343,552.3
2015-03-31,0.013546,2756.09800,0.008165,2385.07500,0.002385,1445.22800,0.000509,1248.08000,-0.000023,969.134800,-0.000008,794.825900,0.005952,555.6
2015-04-30,-0.039438,2647.40300,-0.007956,2366.10000,0.000965,1446.62300,0.000592,1248.81800,0.000080,969.212300,0.000029,794.849000,0.002033,556.7
2015-05-29,-0.030017,2567.93600,-0.003817,2357.06800,0.000521,1447.37600,0.000272,1249.15800,0.000038,969.249200,-0.000005,794.845100,0.005097,559.5
2015-06-30,-0.044036,2454.85400,-0.018369,2313.77100,0.000394,1447.94700,-0.000054,1249.09100,0.000029,969.277300,0.000004,794.848200,0.003503,561.5
2015-07-31,0.046044,2567.88500,0.015146,2348.81600,0.000750,1449.03300,0.000121,1249.24200,0.000006,969.283100,-0.000037,794.818400,0.000067,561.5
2015-08-31,-0.010114,2541.91400,-0.001192,2346.01600,-0.000930,1447.68500,0.000064,1249.32200,0.000136,969.414900,0.000027,794.839900,-0.001416,560.7
2015-09-30,0.024379,2603.88300,0.017817,2387.81500,0.003996,1453.47000,0.001163,1250.77500,0.000022,969.436300,-0.000006,794.835100,-0.001557,559.9
2015-10-30,-0.011085,2575.01900,-0.007517,2369.86600,-0.001092,1451.88300,-0.000404,1250.26900,-0.000129,969.311200,-0.000027,794.813700,-0.000450,559.6
2015-11-30,-0.009328,2550.99900,-0.003500,2361.57100,-0.002638,1448.05300,-0.001749,1248.08300,0.000089,969.397500,0.000020,794.829600,-0.002111,558.4
2015-12-31,-0.006000,2535.69300,-0.003769,2352.67000,-0.000921,1446.71900,0.000003,1248.08600,0.000249,969.638800,0.000103,794.911700,-0.003417,556.5
2016-01-29,0.057283,2680.94500,0.029750,2422.66200,0.006105,1455.55100,0.002525,1251.23800,-0.000057,969.583600,0.000037,794.941100,0.001653,557.4
2016-02-29,0.029668,2760.48400,0.016709,2463.14300,0.001411,1457.60500,0.000392,1251.72800,0.000341,969.914200,0.000205,795.104100,0.000823,557.9
2016-03-31,0.002899,2768.48600,-0.001442,2459.59100,0.001865,1460.32300,0.001369,1253.44200,0.000474,970.373900,0.000190,795.254800,0.004306,560.3
2016-04-29,-0.011362,2737.03100,-0.004458,2448.62600,-0.000426,1459.70100,0.000666,1254.27700,0.000254,970.620400,0.000051,795.295300,0.004741,563.0
2016-05-31,0.007188,2756.70400,0.001216,2451.60300,-0.001043,1458.17900,-0.000395,1253.78100,0.000155,970.770900,0.000115,795.386800,0.004046,565.2
2016-06-30,0.081476,2981.31000,0.033345,2533.35200,0.006537,1467.71100,0.002989,1257.52900,0.000437,971.195100,0.000188,795.536000,0.003284,567.1
2016-07-29,0.023539,3051.48700,0.003269,2541.63400,-0.000304,1467.26500,-0.000439,1256.97700,0.000261,971.448600,0.000171,795.672000,-0.001618,566.2
2016-08-31,-0.007586,3028.33800,-0.007940,2521.45300,-0.002592,1463.46200,-0.000113,1256.83500,0.000269,971.709900,0.000165,795.803300,0.000918,566.7
2016-09-30,-0.016210,2979.24900,-0.001325,2518.11200,0.001262,1465.30900,0.000587,1257.57200,0.000562,972.256000,0.000219,795.977600,0.002404,568.1
2016-10-31,-0.052765,2822.04900,-0.015542,2478.97600,-0.000428,1464.68100,0.000553,1258.26800,0.000282,972.530200,0.000168,796.111300,0.001247,568.8
2016-11-30,-0.092558,2560.84600,-0.040878,2377.64000,-0.003813,1459.09700,-0.001020,1256.98500,0.000123,972.649800,0.000136,796.219600,-0.001555,567.9
2016-12-30,-0.003585,2551.66500,-0.003537,2369.23000,-0.000514,1458.34700,0.000545,1257.67000,0.000437,973.074900,0.000239,796.409900,0.000327,568.1
2017-01-31,0.003438,2560.43800,0.002167,2374.36500,0.000848,1459.58300,0.001536,1259.60100,0.000476,973.538000,0.000358,796.695000,0.005828,571.4
2017-02-28,0.014700,2598.07600,0.007423,2391.98900,0.000628,1460.50000,0.000055,1259.67100,0.000352,973.880700,0.000364,796.985000,0.003146,573.2
2017-03-31,-0.000788,2596.02900,0.002424,2397.78800,0.001442,1462.60600,0.000026,1259.70300,0.000384,974.254700,0.000353,797.266000,0.000813,573.6
2017-04-28,0.013940,2632.21700,0.011063,2424.31400,0.001317,1464.53200,0.000494,1260.32600,0.000617,974.855800,0.000537,797.694200,0.002966,575.4
2017-05-31,0.019849,2684.46400,0.007856,2443.36000,0.001096,1466.13700,0.000730,1261.24600,0.000588,975.429000,0.000614,798.184000,0.000855,575.8
2017-06-30,0.011944,2716.52700,-0.001307,2440.16600,-0.000752,1465.03500,0.000320,1261.64900,0.000873,976.280500,0.000617,798.676400,0.000907,576.4
2017-07-31,-0.014681,2676.64600,-0.000007,2440.14900,0.001994,1467.95600,0.001660,1263.74400,0.000917,977.175800,0.000722,799.253100,-0.000690,576.0
2017-08-31,0.038103,2778.63400,0.017123,2481.93200,0.001622,1470.33700,0.001338,1265.43500,0.000978,978.131500,0.000827,799.914400,0.002994,577.7
2017-09-29,-0.024410,2710.80800,-0.017151,2439.36400,-0.001865,1467.59500,-0.000121,1265.28100,0.000802,978.916000,0.000944,800.669500,0.005295,580.8
2017-10-31,-0.001464,2706.83900,-0.001133,2436.60000,-0.000788,1466.43800,0.000230,1265.57200,0.000939,979.835200,0.000840,801.342100,-0.000632,580.4
2017-11-30,0.012175,2739.79500,-0.002607,2430.24800,-0.001773,1463.83800,-0.000667,1264.72800,0.000951,980.767000,0.000826,802.003700,0.000024,580.4
2017-12-29,0.020232,2795.22700,0.002222,2435.64800,-0.000203,1463.54100,0.000146,1264.91300,0.000942,981.690900,0.000884,802.712700,-0.000588,580.1
2018-01-31,-0.036049,2694.46100,-0.023598,2378.17200,-0.003274,1458.75000,0.000496,1265.54000,0.001346,983.012200,0.001121,803.612500,0.005448,583.2
2018-02-28,-0.035290,2599.37400,-0.013002,2347.25100,-0.000346,1458.24500,0.000361,1265.99700,0.000969,983.964700,0.001073,804.474800,0.004535,585.9
2018-03-29,0.032371,2683.51800,0.012783,2377.25600,0.001743,1460.78700,0.001566,1267.98000,0.001145,985.091400,0.000261,804.684900,0.002261,587.2
2018-04-30,-0.026111,2613.44900,-0.015476,2340.46500,-0.001777,1458.19100,0.000733,1268.90900,0.001479,986.548300,0.001433,805.838000,0.003975,589.5
2018-05-31,0.022025,2671.01000,0.009592,2362.91500,0.003656,1463.52200,0.002171,1271.66400,0.001491,988.019300,0.001401,806.967200,0.004159,592.0
2018-06-29,0.009223,2695.64500,0.002260,2368.25500,-0.000021,1463.49100,0.001498,1273.56900,0.001522,989.523000,0.001408,808.103400,0.001594,592.9
2018-07-31,-0.015182,2654.72000,-0.005108,2356.15800,-0.000186,1463.21900,0.001438,1275.40000,0.001691,991.196300,0.001558,809.362500,0.000067,593.0
2018-08-31,0.015453,2695.74300,0.010064,2379.87100,0.003675,1468.59600,0.002430,1278.50000,0.001675,992.856600,0.001575,810.637500,0.000556,593.3
2018-09-28,-0.033121,2606.45700,-0.014807,2344.63200,-0.001759,1466.01300,0.000401,1279.01200,0.001524,994.369700,0.001490,811.845300,0.001162,594.0
2018-10-31,-0.032213,2522.49500,-0.004347,2334.44000,0.001830,1468.69600,0.002158,1281.77200,0.001931,996.289800,0.001890,813.379700,0.001767,595.0
2018-11-30,0.021458,2576.62300,0.014917,2369.26300,0.004099,1474.71600,0.002183,1284.57000,0.001900,998.182800,0.001795,814.839700,-0.003349,593.0
2018-12-31,0.056610,2722.48600,0.028561,2436.93100,0.008316,1486.98000,0.003538,1289.11500,0.001935,1000.11400,0.001930,816.412400,-0.003194,591.1
2019-01-31,0.006251,2739.50400,0.007138,2454.32600,0.002568,1490.79800,0.003047,1293.04300,0.001923,1002.03700,0.001920,817.979600,0.001907,592.3
2019-02-28,-0.012107,2706.33700,-0.004272,2443.84100,0.000610,1491.70800,0.001884,1295.47900,0.001740,1003.78100,0.001809,819.459300,0.004227,594.8
2019-03-29,0.055952,2857.76200,0.029419,2515.73600,0.006961,1502.09200,0.003373,1299.84900,0.001991,1005.78000,0.001935,821.045000,0.005641,598.1
2019-04-30,-0.019750,2801.32100,-0.006214,2500.10400,0.001933,1504.99500,0.002157,1302.65300,0.002044,1007.83500,0.002125,822.789300,0.005295,601.3
2019-05-31,0.076581,3015.84900,0.031854,2579.74200,0.008164,1517.28200,0.003456,1307.15500,0.002196,1010.04900,0.001983,824.420900,0.002129,602.6
2019-06-28,0.010051,3046.16100,0.012073,2610.88700,0.004399,1523.95600,0.003795,1312.11500,0.002163,1012.23300,0.001853,825.948600,0.000199,602.7
2019-07-31,0.003196,3055.89700,0.003435,2619.85500,-0.000671,1522.93400,0.000662,1312.98400,0.002002,1014.26000,0.001783,827.421400,0.001671,603.7
2019-08-30,0.125914,3440.67700,0.040344,2725.55100,0.008336,1535.62900,0.003716,1317.86300,0.001762,1016.04700,0.001908,829.000100,-0.000051,603.7
2019-09-30,-0.030480,3335.80500,-0.013852,2687.79700,-0.001297,1533.63700,0.000941,1319.10300,0.001968,1018.04700,0.001787,830.481500,0.000783,604.1
2019-10-31,-0.012836,3292.98700,-0.000742,2685.80200,0.003274,1538.65800,0.003283,1323.43400,0.001961,1020.04300,0.001531,831.752800,0.002286,605.5
2019-11-29,-0.004773,3277.26900,-0.007410,2665.90000,-0.001038,1537.06100,0.000411,1323.97800,0.001130,1021.19600,0.001197,832.748400,-0.000536,605.2
2019-12-31,-0.036467,3157.75700,-0.011292,2635.79700,0.002274,1540.55700,0.001750,1326.29500,0.001498,1022.72500,0.001431,833.940000,-0.000910,604.6
2020-01-31,0.089398,3440.05400,0.039182,2739.07300,0.006337,1550.31900,0.002563,1329.69400,0.001308,1024.06300,0.001164,834.910600,0.003880,607.0
2020-02-28,0.074637,3696.81000,0.029902,2820.97700,0.008698,1563.80400,0.004675,1335.91000,0.001513,1025.61200,0.001208,835.919200,0.002741,608.7
2020-03-31,0.085425,4012.61000,0.039709,2932.99500,0.014069,1585.80500,0.009605,1348.74200,0.003067,1028.75800,0.001268,836.979400,-0.002176,607.3
2020-04-30,0.009765,4051.79300,0.005024,2947.73000,0.001034,1587.44500,0.000056,1348.81700,0.000116,1028.87700,0.000003,836.982200,-0.006687,603.3
2020-05-29,-0.023604,3956.15400,0.000713,2949.83200,0.000826,1588.75600,-0.000148,1348.61800,0.000029,1028.90700,0.000059,837.031500,0.000020,603.3
2020-06-30,0.000237,3957.09200,0.000388,2950.97600,0.000515,1589.57400,0.000373,1349.12100,0.000155,1029.06700,0.000111,837.124600,0.005472,606.6
2020-07-31,0.056713,4181.51000,0.012821,2988.81100,0.001030,1591.21100,0.000759,1350.14500,0.000330,1029.40600,0.000096,837.204900,0.005058,609.6
2020-08-31,-0.067580,3898.92400,-0.014709,2944.84900,-0.000208,1590.88000,0.000005,1350.15100,0.000069,1029.47700,0.000079,837.271000,0.003153,611.6
2020-09-30,0.005791,3921.50300,0.002560,2952.38700,-0.000174,1590.60400,0.000174,1350.38600,0.000099,1029.57900,0.000076,837.334600,0.001393,612.4
2020-10-30,-0.046765,3738.11400,-0.017310,2901.28200,-0.000383,1589.99400,-0.000086,1350.27000,0.000067,1029.64800,0.000073,837.395800,0.000415,612.7
2020-11-30,0.022610,3822.63200,0.004016,2912.93300,0.000574,1590.90700,0.000520,1350.97200,0.000096,1029.74700,0.000066,837.451000,-0.000611,612.3
2020-12-31,-0.019274,3748.95500,-0.004965,2898.47000,0.000738,1592.08100,0.000297,1351.37400,0.000054,1029.80300,0.000060,837.501500,0.000941,612.9
2021-01-29,-0.038203,3605.73400,-0.010713,2867.41900,0.000219,1592.43000,0.000107,1351.51800,0.000110,1029.91600,0.000046,837.540000,0.004254,615.5
2021-02-26,-0.072436,3344.54900,-0.025385,2794.63000,-0.000589,1591.49200,-0.000185,1351.26800,0.000080,1029.99800,0.000045,837.577700,0.005474,618.9
2021-03-31,-0.054127,3163.51800,-0.029342,2712.63000,-0.000110,1591.31700,0.000400,1351.80900,0.000090,1030.09100,0.000027,837.600000,0.007083,623.2
2021-04-30,0.027124,3249.32600,0.011851,2744.77700,0.000416,1591.97900,0.000144,1352.00300,0.000146,1030.24100,0.000014,837.611700,0.008219,628.4
2021-05-28,0.002703,3258.10800,0.003441,2754.22200,0.000776,1593.21400,0.000263,1352.35900,0.000025,1030.26700,0.000005,837.615900,0.008017,633.4
2021-06-30,0.045272,3405.61000,0.014084,2793.01200,-0.001829,1590.30000,-0.000281,1351.97900,-0.000045,1030.22100,0.000004,837.619600,0.009291,639.3
2021-07-30,0.044448,3556.98200,0.023829,2859.56700,0.001813,1593.18300,0.000434,1352.56600,0.000029,1030.25100,0.000031,837.645600,0.004811,642.4
2021-08-31,-0.004704,3540.25000,-0.004837,2845.73500,-0.000396,1592.55200,-0.000238,1352.24400,0.000030,1030.28200,0.000049,837.686500,0.002066,643.7
2021-09-30,-0.023236,3457.98900,-0.015425,2801.84000,-0.000647,1591.52200,0.000279,1352.62100,0.000080,1030.36400,0.000033,837.714400,0.002716,645.4
2021-10-29,0.026981,3551.28900,-0.004896,2788.12200,-0.003959,1585.22100,-0.000689,1351.68900,-0.000034,1030.32900,0.000037,837.745400,0.008308,650.8
2021-11-30,0.032451,3666.53200,0.012455,2822.84800,-0.000134,1585.00900,-0.000465,1351.06000,0.000073,1030.40400,0.000044,837.782700,0.004913,654.0
2021-12-31,-0.023094,3581.85700,-0.004750,2809.43900,-0.002055,1581.75200,-0.001374,1349.20400,0.000081,1030.48800,0.000067,837.838500,0.003073,656.0
2022-01-31,-0.044108,3423.86800,-0.022542,2746.10900,-0.007246,1570.29000,-0.003100,1345.02200,-0.000035,1030.45200,0.000044,837.875400,0.008415,661.5
2022-02-28,-0.013819,3376.55400,-0.003021,2737.81300,-0.004643,1562.99900,-0.001745,1342.67400,0.000120,1030.57500,0.000028,837.898800,0.009134,667.6
2022-03-31,-0.058019,3180.65000,-0.043484,2618.76200,-0.015126,1539.35700,-0.004630,1336.45800,0.000284,1030.86800,0.000060,837.949300,0.013351,676.5
2022-04-29,-0.107346,2839.22000,-0.049388,2489.42700,-0.004147,1532.97400,-0.002202,1333.51500,0.000164,1031.03700,0.000037,837.980300,0.005583,680.3
2022-05-31,-0.011893,2805.45300,0.010020,2514.37100,0.006489,1542.92100,0.002877,1337.35200,0.000726,1031.78500,0.000307,838.237400,0.011024,687.8
2022-06-30,-0.024067,2737.93400,-0.012064,2484.03700,-0.005624,1534.24400,-0.005050,1330.59800,0.000193,1031.98500,0.000567,838.712700,0.013736,697.2
2022-07-29,0.037322,2840.11900,0.033719,2567.79700,0.004318,1540.86900,0.001757,1332.93600,0.000551,1032.55300,0.000812,839.393700,-0.000118,697.1
2022-08-31,-0.053490,2688.20100,-0.043289,2456.63900,-0.008112,1528.36900,-0.002666,1329.38200,0.001806,1034.41800,0.001901,840.989700,-0.000354,696.9
2022-09-30,-0.085155,2459.28700,-0.050056,2333.67000,-0.012865,1508.70700,-0.004026,1324.03000,0.001684,1036.16000,0.001929,842.611900,0.002151,698.4
2022-10-31,-0.065624,2297.89900,-0.014968,2298.73900,0.000223,1509.04300,0.001372,1325.84700,0.001859,1038.08600,0.002327,844.572700,0.004056,701.2
2022-11-30,0.077931,2476.97700,0.040789,2392.50300,0.008070,1521.22100,0.002016,1328.52000,0.003114,1041.31900,0.002856,846.984800,-0.001010,700.5
2022-12-30,-0.035953,2387.92200,-0.018566,2348.08300,0.000845,1522.50700,0.004019,1333.85900,0.003280,1044.73400,0.003379,849.846700,-0.003070,698.3
